configuration,concurrency,workers,repetition,scheduler_run_id,job_id,state,accepted_elapsed_ns,completed_elapsed_ns,completion_ms
c1-w1-r1,1,1,1,d7ac0de2-8adb-444f-9b30-89440edfa304,1fea82ad-cdfa-4db4-bfd4-9ede5fe13c78,SUCCEEDED,14269424871,15723141031,1453.71616
c1-w1-r1,1,1,1,d7ac0de2-8adb-444f-9b30-89440edfa304,a5285097-bf24-4150-96da-a805b1a77ba1,SUCCEEDED,15775794041,17160719522,1384.925481
c1-w1-r1,1,1,1,d7ac0de2-8adb-444f-9b30-89440edfa304,a4070b99-c9e3-4db5-9e32-1fc134929f35,SUCCEEDED,17198923504,18611017060,1412.093556
c1-w1-r1,1,1,1,d7ac0de2-8adb-444f-9b30-89440edfa304,2a3b4056-06c6-466c-8915-e03a7fd66036,SUCCEEDED,18638495039,20098333816,1459.838777
c1-w1-r1,1,1,1,d7ac0de2-8adb-444f-9b30-89440edfa304,0d9a8e07-9a36-4f63-89d8-b2d213b58107,SUCCEEDED,20106821588,21508152251,1401.330663
c1-w1-r1,1,1,1,d7ac0de2-8adb-444f-9b30-89440edfa304,705d7614-a28e-4826-962e-8e894e36168c,SUCCEEDED,21560089773,22988185255,1428.095482
c1-w1-r1,1,1,1,d7ac0de2-8adb-444f-9b30-89440edfa304,d3872fda-5788-4c31-9c09-9e81ca003f2e,SUCCEEDED,23013960465,24452498154,1438.537689
c1-w1-r1,1,1,1,d7ac0de2-8adb-444f-9b30-89440edfa304,c03d52ad-335a-43a7-9080-86e93ae81099,SUCCEEDED,24513568381,25898345347,1384.776966
c1-w1-r1,1,1,1,d7ac0de2-8adb-444f-9b30-89440edfa304,03db09c5-3ff3-473e-86c8-ef41bf0dfdbf,SUCCEEDED,25920320464,27347952008,1427.631544
c1-w1-r1,1,1,1,d7ac0de2-8adb-444f-9b30-89440edfa304,427d220f-ef5e-4594-a934-20269abfb645,SUCCEEDED,27376721540,28770279377,1393.557837
c1-w1-r1,1,1,1,d7ac0de2-8adb-444f-9b30-89440edfa304,2464b1a4-46a7-4e0f-919d-5b9d34616a60,SUCCEEDED,28806256383,30190272684,1384.016301
c1-w1-r1,1,1,1,d7ac0de2-8adb-444f-9b30-89440edfa304,17a36445-c80f-412b-a39c-b8cb041f98a3,SUCCEEDED,30215685751,31631681677,1415.995926
c1-w1-r1,1,1,1,d7ac0de2-8adb-444f-9b30-89440edfa304,1088e57b-e774-4bf6-a5e6-e45c40255a89,SUCCEEDED,31653958113,33037167842,1383.209729
c1-w1-r1,1,1,1,d7ac0de2-8adb-444f-9b30-89440edfa304,d5f2ea1d-b978-4602-a572-cdd2ed5450d6,SUCCEEDED,33062808979,34482704967,1419.895988
c1-w1-r1,1,1,1,d7ac0de2-8adb-444f-9b30-89440edfa304,6f895db0-d08f-4997-88ac-137a774c929a,SUCCEEDED,34531810213,35913983382,1382.173169
c1-w1-r1,1,1,1,d7ac0de2-8adb-444f-9b30-89440edfa304,b79deb90-0add-4102-941e-9bd8088ab386,SUCCEEDED,35952551651,37365888734,1413.337083
c1-w1-r1,1,1,1,d7ac0de2-8adb-444f-9b30-89440edfa304,560cc7b8-1770-4c07-98a6-f2666cb3b946,SUCCEEDED,37401545212,38856145181,1454.599969
c1-w1-r1,1,1,1,d7ac0de2-8adb-444f-9b30-89440edfa304,9f82a02d-b066-4d9f-9a5b-928662fdfe80,SUCCEEDED,38895765286,40292908935,1397.143649
c1-w1-r1,1,1,1,d7ac0de2-8adb-444f-9b30-89440edfa304,bda81739-db24-47d0-9847-2dd3cab99802,SUCCEEDED,40319546232,41693541630,1373.995398
c1-w1-r1,1,1,1,d7ac0de2-8adb-444f-9b30-89440edfa304,d3993f82-1195-493e-9850-4aeab8300290,SUCCEEDED,41720878574,43122250681,1401.372107
c1-w1-r1,1,1,1,d7ac0de2-8adb-444f-9b30-89440edfa304,7b93d5a8-ac23-4e3e-a497-dc70f61e0981,SUCCEEDED,43139107433,44601134357,1462.026924
c1-w1-r1,1,1,1,d7ac0de2-8adb-444f-9b30-89440edfa304,cf4cf04e-bcea-42d9-9243-b8eaddda11a1,SUCCEEDED,44660336723,46011931309,1351.594586
c1-w1-r1,1,1,1,d7ac0de2-8adb-444f-9b30-89440edfa304,8f5bc7d5-238c-4d6a-9f5d-e9ab746b1050,SUCCEEDED,46055244039,47411679722,1356.435683
c1-w1-r1,1,1,1,d7ac0de2-8adb-444f-9b30-89440edfa304,97243b6a-b312-413d-86a0-4c4815daff1e,SUCCEEDED,47452047516,48807311248,1355.263732
c1-w1-r2,1,1,2,7b50f1aa-fb62-4ffb-9b25-c142b58492ae,2c7237b3-e44f-4d35-bc51-e2d4c72c26bc,SUCCEEDED,13877394666,15303121105,1425.726439
c1-w1-r2,1,1,2,7b50f1aa-fb62-4ffb-9b25-c142b58492ae,5788c2d5-cb05-45f2-8bb9-5d4b100d6475,SUCCEEDED,15332929443,16760255905,1427.326462
c1-w1-r2,1,1,2,7b50f1aa-fb62-4ffb-9b25-c142b58492ae,a8c55eb5-bc0c-431d-92fa-8a0c29181ce6,SUCCEEDED,16808691307,18207508964,1398.817657
c1-w1-r2,1,1,2,7b50f1aa-fb62-4ffb-9b25-c142b58492ae,e43bc5a9-a139-4f6b-84d2-05b7b5e18271,SUCCEEDED,18232648418,19676137679,1443.489261
c1-w1-r2,1,1,2,7b50f1aa-fb62-4ffb-9b25-c142b58492ae,cafa162f-6a2c-4e23-89b1-6c91645d2b8e,SUCCEEDED,19720510978,21113437402,1392.926424
c1-w1-r2,1,1,2,7b50f1aa-fb62-4ffb-9b25-c142b58492ae,31b79c80-5abc-43b7-a093-af5bde44242f,SUCCEEDED,21165160761,22609573629,1444.412868
c1-w1-r2,1,1,2,7b50f1aa-fb62-4ffb-9b25-c142b58492ae,14b11d32-462b-45ec-be93-520a8020b034,SUCCEEDED,22663288026,24069657794,1406.369768
c1-w1-r2,1,1,2,7b50f1aa-fb62-4ffb-9b25-c142b58492ae,4964f2d4-3896-4cc0-bcc1-87fe9a173751,SUCCEEDED,24116865433,25501780881,1384.915448
c1-w1-r2,1,1,2,7b50f1aa-fb62-4ffb-9b25-c142b58492ae,474c80d1-2803-4895-ad36-8c3ebc9be878,SUCCEEDED,25525314033,26964509135,1439.195102
c1-w1-r2,1,1,2,7b50f1aa-fb62-4ffb-9b25-c142b58492ae,023108e4-1921-46be-803f-dc3ddf2213c2,SUCCEEDED,27000120552,28466057659,1465.937107
c1-w1-r2,1,1,2,7b50f1aa-fb62-4ffb-9b25-c142b58492ae,739f624c-0140-4742-a5f7-fe3abce943c0,SUCCEEDED,28511252993,29939276006,1428.023013
c1-w1-r2,1,1,2,7b50f1aa-fb62-4ffb-9b25-c142b58492ae,28773651-b660-4ee3-ac39-9cf964e109d6,SUCCEEDED,29964561745,31375900139,1411.338394
c1-w1-r2,1,1,2,7b50f1aa-fb62-4ffb-9b25-c142b58492ae,8736c9c2-ea64-4c9c-861a-0c6dc6e55351,SUCCEEDED,31432848740,32797483957,1364.635217
c1-w1-r2,1,1,2,7b50f1aa-fb62-4ffb-9b25-c142b58492ae,6882591d-1e39-46e8-b2c6-3307404084ed,SUCCEEDED,32860983824,34215773473,1354.789649
c1-w1-r2,1,1,2,7b50f1aa-fb62-4ffb-9b25-c142b58492ae,b57a5469-30ca-48ad-a895-2816dc6094b7,SUCCEEDED,34259233064,35633808678,1374.575614
c1-w1-r2,1,1,2,7b50f1aa-fb62-4ffb-9b25-c142b58492ae,ebe153e8-6b3e-4a86-92a7-2d7deffd95ea,SUCCEEDED,35683939085,37058981044,1375.041959
c1-w1-r2,1,1,2,7b50f1aa-fb62-4ffb-9b25-c142b58492ae,bd57d1e3-7abe-4350-9736-2a44c6c74561,SUCCEEDED,37103786060,38460651134,1356.865074
c1-w1-r2,1,1,2,7b50f1aa-fb62-4ffb-9b25-c142b58492ae,1b2ca88d-ff6c-4dac-81cc-9ef1ee496587,SUCCEEDED,38486606900,39872284821,1385.677921
c1-w1-r2,1,1,2,7b50f1aa-fb62-4ffb-9b25-c142b58492ae,2f7c6acb-c5a6-47b6-af6c-6c2027730aeb,SUCCEEDED,39910414235,41268597862,1358.183627
c1-w1-r2,1,1,2,7b50f1aa-fb62-4ffb-9b25-c142b58492ae,8ecb0f0a-19fe-4564-8cd6-aadc1c97b4ca,SUCCEEDED,41278896537,42671238469,1392.341932
c1-w1-r2,1,1,2,7b50f1aa-fb62-4ffb-9b25-c142b58492ae,3e305942-85f5-43da-9087-6a05892a693c,SUCCEEDED,42696113879,44081624432,1385.510553
c1-w1-r2,1,1,2,7b50f1aa-fb62-4ffb-9b25-c142b58492ae,c81930be-d27c-4f7b-8e38-9ebdd4a637e6,SUCCEEDED,44118517744,45502241693,1383.723949
c1-w1-r2,1,1,2,7b50f1aa-fb62-4ffb-9b25-c142b58492ae,afc1ff30-7187-4fa9-a6c5-4ad9c86adb52,SUCCEEDED,45514461426,46910311953,1395.850527
c1-w1-r2,1,1,2,7b50f1aa-fb62-4ffb-9b25-c142b58492ae,0564d2f7-a79c-479f-b7e3-bad508dee7e2,SUCCEEDED,46916298988,48309473720,1393.174732
c1-w1-r3,1,1,3,824ab259-25d4-4163-9f56-dd77126ab879,63c723a2-aa75-4a38-98c5-2518e6bdf6b3,SUCCEEDED,13795598388,15206831471,1411.233083
c1-w1-r3,1,1,3,824ab259-25d4-4163-9f56-dd77126ab879,af227f8a-753e-4613-a35e-661b7750e2d9,SUCCEEDED,15250502645,16657125679,1406.623034
c1-w1-r3,1,1,3,824ab259-25d4-4163-9f56-dd77126ab879,62d71d97-71ad-42a4-9c6b-cb24e3c9929c,SUCCEEDED,16696416762,18136237193,1439.820431
c1-w1-r3,1,1,3,824ab259-25d4-4163-9f56-dd77126ab879,7061c0e8-a4bc-455d-a6b8-050782c74a32,SUCCEEDED,18143520697,19606543304,1463.022607
c1-w1-r3,1,1,3,824ab259-25d4-4163-9f56-dd77126ab879,d87485c0-34c2-4c83-9233-1046c44b9b17,SUCCEEDED,19613341254,21052051180,1438.709926
c1-w1-r3,1,1,3,824ab259-25d4-4163-9f56-dd77126ab879,5b6da208-8f7b-4972-9e17-a851536b8374,SUCCEEDED,21084137569,22553755907,1469.618338
c1-w1-r3,1,1,3,824ab259-25d4-4163-9f56-dd77126ab879,c049a7b6-be59-4ada-b4f2-c5172ba94808,SUCCEEDED,22591905095,23992865204,1400.960109
c1-w1-r3,1,1,3,824ab259-25d4-4163-9f56-dd77126ab879,ce78417f-cd4a-44a4-a308-a56eb56b0bcc,SUCCEEDED,24003230487,25422556065,1419.325578
c1-w1-r3,1,1,3,824ab259-25d4-4163-9f56-dd77126ab879,14c967ea-c2fd-43f9-91d2-6f1149e0b9c2,SUCCEEDED,25462334814,26856692979,1394.358165
c1-w1-r3,1,1,3,824ab259-25d4-4163-9f56-dd77126ab879,8d60970e-4fa8-45dd-9c07-1edfbfcb78fc,SUCCEEDED,26884014391,28287512436,1403.498045
c1-w1-r3,1,1,3,824ab259-25d4-4163-9f56-dd77126ab879,f819248d-c786-42d6-bfec-c3662d6b4f1e,SUCCEEDED,28310208428,29709720204,1399.511776
c1-w1-r3,1,1,3,824ab259-25d4-4163-9f56-dd77126ab879,3de8f96f-9383-47e9-a4af-abd35ea31152,SUCCEEDED,29733632000,31156928314,1423.296314
c1-w1-r3,1,1,3,824ab259-25d4-4163-9f56-dd77126ab879,c3c9e48e-3931-4fac-a4b8-99a102dbc9c2,SUCCEEDED,31181249642,32581747691,1400.498049
c1-w1-r3,1,1,3,824ab259-25d4-4163-9f56-dd77126ab879,e1d11bb2-52bf-41c8-8ef6-ca2e4d6b4284,SUCCEEDED,32594740344,33990899410,1396.159066
c1-w1-r3,1,1,3,824ab259-25d4-4163-9f56-dd77126ab879,23cca46a-5dcb-4fbd-9d69-1c2ee2e0779a,SUCCEEDED,33998649160,35422882864,1424.233704
c1-w1-r3,1,1,3,824ab259-25d4-4163-9f56-dd77126ab879,ceda53b9-384d-4672-8103-a4e71ecbd304,SUCCEEDED,35428070115,36849129223,1421.059108
c1-w1-r3,1,1,3,824ab259-25d4-4163-9f56-dd77126ab879,4653f2c9-2636-415e-bf6f-d39ec8e9783c,SUCCEEDED,36863540990,38242283255,1378.742265
c1-w1-r3,1,1,3,824ab259-25d4-4163-9f56-dd77126ab879,452d1308-c169-4962-b0c8-b86199c75a0b,SUCCEEDED,38259028012,39666269173,1407.241161
c1-w1-r3,1,1,3,824ab259-25d4-4163-9f56-dd77126ab879,732349f0-7b9b-44b6-967c-73e2be8322c5,SUCCEEDED,39671132267,41070596837,1399.46457
c1-w1-r3,1,1,3,824ab259-25d4-4163-9f56-dd77126ab879,c98ee3dd-7fff-47d5-af54-c35b18e026dc,SUCCEEDED,41112550063,42465980647,1353.430584
c1-w1-r3,1,1,3,824ab259-25d4-4163-9f56-dd77126ab879,3ad49402-2392-48bc-aaa4-9bda70d8aba8,SUCCEEDED,42478943276,43861586393,1382.643117
c1-w1-r3,1,1,3,824ab259-25d4-4163-9f56-dd77126ab879,c1fb1f22-653e-4b20-9bd3-7d51039db08e,SUCCEEDED,43871058771,45266317583,1395.258812
c1-w1-r3,1,1,3,824ab259-25d4-4163-9f56-dd77126ab879,0b10c848-7fde-4b19-b0a4-da27603dced6,SUCCEEDED,45310568833,46679117402,1368.548569
c1-w1-r3,1,1,3,824ab259-25d4-4163-9f56-dd77126ab879,1ede889f-ca4d-4c9f-9365-56cc08366cdb,SUCCEEDED,46688033874,48085429780,1397.395906
c1-w1-r4,1,1,4,edae8e8f-8e05-4b7c-93c7-17070a27063c,2b2f1599-d1db-4bed-a622-143c07713927,SUCCEEDED,13747683343,15145361739,1397.678396
c1-w1-r4,1,1,4,edae8e8f-8e05-4b7c-93c7-17070a27063c,60a0c527-4fac-41b6-803b-61698efffa59,SUCCEEDED,15162878390,16590591046,1427.712656
c1-w1-r4,1,1,4,edae8e8f-8e05-4b7c-93c7-17070a27063c,6d089b12-290a-4c17-aa47-7dc9e4f13f9d,SUCCEEDED,16631606285,18022182618,1390.576333
c1-w1-r4,1,1,4,edae8e8f-8e05-4b7c-93c7-17070a27063c,722869e8-d241-469d-a600-7f3a516e8194,SUCCEEDED,18043192619,19468547528,1425.354909
c1-w1-r4,1,1,4,edae8e8f-8e05-4b7c-93c7-17070a27063c,32f89c81-5a0e-4ab7-95ba-6ac714f96a03,SUCCEEDED,19493691024,20923132227,1429.441203
c1-w1-r4,1,1,4,edae8e8f-8e05-4b7c-93c7-17070a27063c,d90b38d9-40f8-423c-9595-36630de33085,SUCCEEDED,20932346834,22363241165,1430.894331
c1-w1-r4,1,1,4,edae8e8f-8e05-4b7c-93c7-17070a27063c,59ebdfe8-1207-4793-9f8a-4f3f81aa99a5,SUCCEEDED,22406519408,23788475545,1381.956137
c1-w1-r4,1,1,4,edae8e8f-8e05-4b7c-93c7-17070a27063c,3fde9c22-4789-482b-b4c5-9ea6d478f377,SUCCEEDED,23822432526,25217286524,1394.853998
c1-w1-r4,1,1,4,edae8e8f-8e05-4b7c-93c7-17070a27063c,9dcd4d77-e231-45ab-82e5-86e0f7ad768b,SUCCEEDED,25245936556,26648867159,1402.930603
c1-w1-r4,1,1,4,edae8e8f-8e05-4b7c-93c7-17070a27063c,0abdd7b7-25de-4c16-b2a8-f496becc0057,SUCCEEDED,26709627563,28064002568,1354.375005
c1-w1-r4,1,1,4,edae8e8f-8e05-4b7c-93c7-17070a27063c,6f848a17-fb59-4e0c-8341-ec33bc98d569,SUCCEEDED,28119727395,29481082099,1361.354704
c1-w1-r4,1,1,4,edae8e8f-8e05-4b7c-93c7-17070a27063c,43420610-7e8c-4bc3-bd2d-dfcb69796065,SUCCEEDED,29494660272,30897414734,1402.754462
c1-w1-r4,1,1,4,edae8e8f-8e05-4b7c-93c7-17070a27063c,3ebddbd2-adec-4e29-b778-79b8a737c80b,SUCCEEDED,30921163753,32313050436,1391.886683
c1-w1-r4,1,1,4,edae8e8f-8e05-4b7c-93c7-17070a27063c,23c18485-007f-4422-a7fb-4056551bfa63,SUCCEEDED,32353127960,33723127641,1369.999681
c1-w1-r4,1,1,4,edae8e8f-8e05-4b7c-93c7-17070a27063c,4c3e39e3-dcdc-49ef-ba50-2c0ab170fe0f,SUCCEEDED,33782131466,35143633901,1361.502435
c1-w1-r4,1,1,4,edae8e8f-8e05-4b7c-93c7-17070a27063c,6abe608b-c8fc-43f9-be05-0a3216a5aa9e,SUCCEEDED,35171448956,36569317902,1397.868946
c1-w1-r4,1,1,4,edae8e8f-8e05-4b7c-93c7-17070a27063c,1ef1e2af-2837-4757-b76c-44742aba6d10,SUCCEEDED,36599392973,38012275811,1412.882838
c1-w1-r4,1,1,4,edae8e8f-8e05-4b7c-93c7-17070a27063c,4d5881f7-e89b-4d95-ad9c-8346f18da5a6,SUCCEEDED,38038306434,39459383478,1421.077044
c1-w1-r4,1,1,4,edae8e8f-8e05-4b7c-93c7-17070a27063c,ef992baa-6dab-41de-8333-fd97a06246ea,SUCCEEDED,39481334412,40868739281,1387.404869
c1-w1-r4,1,1,4,edae8e8f-8e05-4b7c-93c7-17070a27063c,2e510dac-2617-4f63-9e2b-b58d9e9bbfdb,SUCCEEDED,40885719583,42289113148,1403.393565
c1-w1-r4,1,1,4,edae8e8f-8e05-4b7c-93c7-17070a27063c,dccf0b67-175b-408c-b514-f392a159fa8d,SUCCEEDED,42314669406,43695256482,1380.587076
c1-w1-r4,1,1,4,edae8e8f-8e05-4b7c-93c7-17070a27063c,3527f9bc-1f23-40a1-8b7a-8cdcdd453311,SUCCEEDED,43742174141,45101901851,1359.72771
c1-w1-r4,1,1,4,edae8e8f-8e05-4b7c-93c7-17070a27063c,36b0e81c-6492-4b0a-8d9b-73d01c20a653,SUCCEEDED,45138666127,46514071675,1375.405548
c1-w1-r4,1,1,4,edae8e8f-8e05-4b7c-93c7-17070a27063c,5997a7f0-1804-4728-ba33-4bff6a578521,SUCCEEDED,46562147256,47919681814,1357.534558
c1-w1-r5,1,1,5,8b05563b-5ab3-4063-8b2c-d699212e9f8a,21a1c868-94fc-4556-a9bf-a353a9c4abe6,SUCCEEDED,13728857836,15174125708,1445.267872
c1-w1-r5,1,1,5,8b05563b-5ab3-4063-8b2c-d699212e9f8a,7cc85a9d-c65a-42f3-8d63-616add21f805,SUCCEEDED,15196943593,16620606301,1423.662708
c1-w1-r5,1,1,5,8b05563b-5ab3-4063-8b2c-d699212e9f8a,46c65535-d722-4ac5-aa59-1d43e66164c1,SUCCEEDED,16627013803,18069687170,1442.673367
c1-w1-r5,1,1,5,8b05563b-5ab3-4063-8b2c-d699212e9f8a,82d82a13-72a8-41d8-8024-1872e2232cc2,SUCCEEDED,18083836201,19499128542,1415.292341
c1-w1-r5,1,1,5,8b05563b-5ab3-4063-8b2c-d699212e9f8a,4b9d61b2-bb93-4993-bb33-b9d872290d32,SUCCEEDED,19522977070,20944810929,1421.833859
c1-w1-r5,1,1,5,8b05563b-5ab3-4063-8b2c-d699212e9f8a,0680def8-31ba-4ad2-aae6-bfd7b476b80e,SUCCEEDED,20965106553,22386506135,1421.399582
c1-w1-r5,1,1,5,8b05563b-5ab3-4063-8b2c-d699212e9f8a,1268f290-401a-4d56-8f8d-d67210d3d605,SUCCEEDED,22422656236,23818311895,1395.655659
c1-w1-r5,1,1,5,8b05563b-5ab3-4063-8b2c-d699212e9f8a,05c042e3-11cc-4d15-8f6f-dd246a020726,SUCCEEDED,23833879715,25263890076,1430.010361
c1-w1-r5,1,1,5,8b05563b-5ab3-4063-8b2c-d699212e9f8a,36762db3-4846-45d6-a2f0-c535d402f72c,SUCCEEDED,25273573422,26687126471,1413.553049
c1-w1-r5,1,1,5,8b05563b-5ab3-4063-8b2c-d699212e9f8a,2f58ead0-6244-4d3a-808d-c1a9c084d671,SUCCEEDED,26713632688,28107125659,1393.492971
c1-w1-r5,1,1,5,8b05563b-5ab3-4063-8b2c-d699212e9f8a,9449a0a8-6bb3-4d00-a8b2-9541360b2267,SUCCEEDED,28154709004,29523909117,1369.200113
c1-w1-r5,1,1,5,8b05563b-5ab3-4063-8b2c-d699212e9f8a,af05fa37-5381-4734-bce9-ecb241282951,SUCCEEDED,29551914593,30935373762,1383.459169
c1-w1-r5,1,1,5,8b05563b-5ab3-4063-8b2c-d699212e9f8a,e17a2766-bfb9-46a7-a4ad-6d627a3cdc04,SUCCEEDED,30976325942,32350516833,1374.190891
c1-w1-r5,1,1,5,8b05563b-5ab3-4063-8b2c-d699212e9f8a,4a241b07-8e5a-4824-978d-6eabff2d240f,SUCCEEDED,32400752885,33753879753,1353.126868
c1-w1-r5,1,1,5,8b05563b-5ab3-4063-8b2c-d699212e9f8a,db1fe7a1-07f7-4aef-8b8a-1012264ea11a,SUCCEEDED,33785258769,35154269463,1369.010694
c1-w1-r5,1,1,5,8b05563b-5ab3-4063-8b2c-d699212e9f8a,1f0dca7a-abb4-45c3-9754-d3a141b7b596,SUCCEEDED,35177049087,36578992242,1401.943155
c1-w1-r5,1,1,5,8b05563b-5ab3-4063-8b2c-d699212e9f8a,de3d6388-f3aa-4a0e-aee8-ac9996dc0f8d,SUCCEEDED,36583810592,37984792541,1400.981949
c1-w1-r5,1,1,5,8b05563b-5ab3-4063-8b2c-d699212e9f8a,d5708ba1-c130-45cd-b8f1-92d19f8c0ced,SUCCEEDED,38014127096,39412412152,1398.285056
c1-w1-r5,1,1,5,8b05563b-5ab3-4063-8b2c-d699212e9f8a,c6650ac7-5ead-4ff3-909d-355f47399aef,SUCCEEDED,39471918820,40801246188,1329.327368
c1-w1-r5,1,1,5,8b05563b-5ab3-4063-8b2c-d699212e9f8a,9924b5ea-5b26-4d0d-a38d-96dcc7345080,SUCCEEDED,40829334885,42213026762,1383.691877
c1-w1-r5,1,1,5,8b05563b-5ab3-4063-8b2c-d699212e9f8a,867c87dd-063b-4973-80fd-6cd5a4eabe33,SUCCEEDED,42231533417,43608297534,1376.764117
c1-w1-r5,1,1,5,8b05563b-5ab3-4063-8b2c-d699212e9f8a,e004b375-4996-4648-9411-78f6529acc72,SUCCEEDED,43649952044,45039847742,1389.895698
c1-w1-r5,1,1,5,8b05563b-5ab3-4063-8b2c-d699212e9f8a,de0d71bc-f5d3-46a9-b943-e1928453569a,SUCCEEDED,45046960868,46445328001,1398.367133
c1-w1-r5,1,1,5,8b05563b-5ab3-4063-8b2c-d699212e9f8a,7a9a3d1a-fdba-4cc4-9421-7d05ffcbaf43,SUCCEEDED,46478700789,47847189005,1368.488216
c1-w2-r1,1,2,1,97661a14-c168-45ad-b27a-ca96f7027cd4,e056076c-c1aa-4ecc-85f6-85fdc85fdc8c,SUCCEEDED,15019431807,16189703090,1170.271283
c1-w2-r1,1,2,1,97661a14-c168-45ad-b27a-ca96f7027cd4,8708ba7b-2f34-4e97-9ed2-7dbe5edfd2b9,SUCCEEDED,16198185080,17293287326,1095.102246
c1-w2-r1,1,2,1,97661a14-c168-45ad-b27a-ca96f7027cd4,d6defe6c-80be-404d-a578-86c35cfa66b4,SUCCEEDED,17328592779,18457111336,1128.518557
c1-w2-r1,1,2,1,97661a14-c168-45ad-b27a-ca96f7027cd4,5dd2c8ed-17dc-4e4b-a636-c253ea91c806,SUCCEEDED,18478776490,19652306286,1173.529796
c1-w2-r1,1,2,1,97661a14-c168-45ad-b27a-ca96f7027cd4,58d149e3-e259-4f3b-b3b9-a478b901e0dc,SUCCEEDED,19675506694,20882983614,1207.47692
c1-w2-r1,1,2,1,97661a14-c168-45ad-b27a-ca96f7027cd4,725bb457-8b5a-474e-9a22-05aeaef01906,SUCCEEDED,20932454128,22080579800,1148.125672
c1-w2-r1,1,2,1,97661a14-c168-45ad-b27a-ca96f7027cd4,b5bd9498-7061-47d4-8c50-a5f3a824329b,SUCCEEDED,22110789879,23296181324,1185.391445
c1-w2-r1,1,2,1,97661a14-c168-45ad-b27a-ca96f7027cd4,59993ad6-2735-4489-b220-10573498f238,SUCCEEDED,23357729258,24514011669,1156.282411
c1-w2-r1,1,2,1,97661a14-c168-45ad-b27a-ca96f7027cd4,0083581e-9d39-4dc1-811b-269b73d7ff3f,SUCCEEDED,24552827481,25755239768,1202.412287
c1-w2-r1,1,2,1,97661a14-c168-45ad-b27a-ca96f7027cd4,b2a3c0f9-b703-496e-89b9-f7199df2bf50,SUCCEEDED,25798796976,26977803018,1179.006042
c1-w2-r1,1,2,1,97661a14-c168-45ad-b27a-ca96f7027cd4,a4a52c69-c0be-47cf-ad4f-7b8334c855d6,SUCCEEDED,27026118990,28171781170,1145.66218
c1-w2-r1,1,2,1,97661a14-c168-45ad-b27a-ca96f7027cd4,8cb0601f-6722-4244-bb2d-9fdddfe6ee83,SUCCEEDED,28203384133,29263628388,1060.244255
c1-w2-r1,1,2,1,97661a14-c168-45ad-b27a-ca96f7027cd4,99ff7079-cbb8-4023-8033-eac3ff2ee822,SUCCEEDED,29304915344,30453170616,1148.255272
c1-w2-r1,1,2,1,97661a14-c168-45ad-b27a-ca96f7027cd4,62670f2b-179a-4711-8002-76249b269da7,SUCCEEDED,30478101939,31556103256,1078.001317
c1-w2-r1,1,2,1,97661a14-c168-45ad-b27a-ca96f7027cd4,c54751a6-c752-47cd-9ae0-c3c78a2275a9,SUCCEEDED,31583703405,32739991739,1156.288334
c1-w2-r1,1,2,1,97661a14-c168-45ad-b27a-ca96f7027cd4,f7352bb2-b39d-4cb7-b88a-ae6b683061c7,SUCCEEDED,32769741690,33904600657,1134.858967
c1-w2-r1,1,2,1,97661a14-c168-45ad-b27a-ca96f7027cd4,cc92f719-d344-4dbc-b0e2-1b4b6b2abca5,SUCCEEDED,33932388894,35067030656,1134.641762
c1-w2-r1,1,2,1,97661a14-c168-45ad-b27a-ca96f7027cd4,4c47bfc6-ac57-40d9-b5f8-5ea81e1ae2cc,SUCCEEDED,35091089301,36248346918,1157.257617
c1-w2-r1,1,2,1,97661a14-c168-45ad-b27a-ca96f7027cd4,ad7f09c3-deda-4d25-806f-8af14785782b,SUCCEEDED,36285275850,37454849911,1169.574061
c1-w2-r1,1,2,1,97661a14-c168-45ad-b27a-ca96f7027cd4,4717d6ee-4f9d-4fa3-9b6e-752e140d9e30,SUCCEEDED,37463620732,38545909935,1082.289203
c1-w2-r1,1,2,1,97661a14-c168-45ad-b27a-ca96f7027cd4,66769dae-c76c-43d6-a293-edd6cdb1e337,SUCCEEDED,38570069142,39628692692,1058.62355
c1-w2-r1,1,2,1,97661a14-c168-45ad-b27a-ca96f7027cd4,7ee5c3a8-904a-4a18-b2c3-6e1045db9b40,SUCCEEDED,39661786848,40791769994,1129.983146
c1-w2-r1,1,2,1,97661a14-c168-45ad-b27a-ca96f7027cd4,e9e9331e-fdd2-46b9-9cf6-00eb0412ffca,SUCCEEDED,40825597279,41927101359,1101.50408
c1-w2-r1,1,2,1,97661a14-c168-45ad-b27a-ca96f7027cd4,ac483ca6-1dec-4b14-a0ef-f18c047636f1,SUCCEEDED,41976655004,43083701512,1107.046508
c1-w2-r2,1,2,2,44b09990-f57a-4063-8cff-cff17d1a8835,f2ce51f8-b3d4-4ab8-9d53-20ea4575feae,SUCCEEDED,14695413820,15890566559,1195.152739
c1-w2-r2,1,2,2,44b09990-f57a-4063-8cff-cff17d1a8835,7b1b89d5-45ed-40c3-a8ec-e7e2ff481798,SUCCEEDED,15902877902,17125624391,1222.746489
c1-w2-r2,1,2,2,44b09990-f57a-4063-8cff-cff17d1a8835,3bd73dae-f3d3-442b-82f3-f40a8b460597,SUCCEEDED,17143288869,18343306966,1200.018097
c1-w2-r2,1,2,2,44b09990-f57a-4063-8cff-cff17d1a8835,1a7e91e3-fc2a-4fba-b811-4bbdfb32c2b1,SUCCEEDED,18374311919,19580327250,1206.015331
c1-w2-r2,1,2,2,44b09990-f57a-4063-8cff-cff17d1a8835,3c200c55-3b9a-4845-9596-d0616ec76bbe,SUCCEEDED,19626098156,20785219834,1159.121678
c1-w2-r2,1,2,2,44b09990-f57a-4063-8cff-cff17d1a8835,6ac6fcef-de48-497a-9aff-144eb9d65461,SUCCEEDED,20808987268,21892302291,1083.315023
c1-w2-r2,1,2,2,44b09990-f57a-4063-8cff-cff17d1a8835,dd72229d-201b-4472-ba9b-4f0e9e8a2217,SUCCEEDED,21936709394,23112588926,1175.879532
c1-w2-r2,1,2,2,44b09990-f57a-4063-8cff-cff17d1a8835,a2a7713d-8b75-4274-ae8e-f4c19de5fa8e,SUCCEEDED,23134801201,24334515773,1199.714572
c1-w2-r2,1,2,2,44b09990-f57a-4063-8cff-cff17d1a8835,bd259b74-31d0-4299-a468-a41cb0af8cf4,SUCCEEDED,24381829826,25550977437,1169.147611
c1-w2-r2,1,2,2,44b09990-f57a-4063-8cff-cff17d1a8835,84603625-64ba-4e18-8756-5acdc2e89442,SUCCEEDED,25609780564,26760368749,1150.588185
c1-w2-r2,1,2,2,44b09990-f57a-4063-8cff-cff17d1a8835,a63f876d-66bc-452a-a285-0a15a4c063bd,SUCCEEDED,26793329360,27979882259,1186.552899
c1-w2-r2,1,2,2,44b09990-f57a-4063-8cff-cff17d1a8835,4fd906e4-c443-479d-bec7-5d20989f9f25,SUCCEEDED,28024389940,29165137549,1140.747609
c1-w2-r2,1,2,2,44b09990-f57a-4063-8cff-cff17d1a8835,f0722199-e621-4e49-9057-f07ee1b37c74,SUCCEEDED,29187954301,30259476365,1071.522064
c1-w2-r2,1,2,2,44b09990-f57a-4063-8cff-cff17d1a8835,ea712883-5ea1-49d5-a62e-492a847cb2e5,SUCCEEDED,30310985740,31462206030,1151.22029
c1-w2-r2,1,2,2,44b09990-f57a-4063-8cff-cff17d1a8835,94dac150-6d7b-45ff-aa97-a007e9ddb1db,SUCCEEDED,31516691481,32624066240,1107.374759
c1-w2-r2,1,2,2,44b09990-f57a-4063-8cff-cff17d1a8835,d59fd3de-a28b-4f4e-8840-73f17c77649a,SUCCEEDED,32643234027,33783595267,1140.36124
c1-w2-r2,1,2,2,44b09990-f57a-4063-8cff-cff17d1a8835,b17c5f36-6f2b-4454-b780-b745ac9efc1d,SUCCEEDED,33833140378,34953610780,1120.470402
c1-w2-r2,1,2,2,44b09990-f57a-4063-8cff-cff17d1a8835,aba84a7b-4da4-49eb-958a-1518a8bca577,SUCCEEDED,34985364934,36099008656,1113.643722
c1-w2-r2,1,2,2,44b09990-f57a-4063-8cff-cff17d1a8835,33c2ccc5-b3f5-46d7-95b2-9d34261af679,SUCCEEDED,36137957186,37267009088,1129.051902
c1-w2-r2,1,2,2,44b09990-f57a-4063-8cff-cff17d1a8835,3dfb0bc1-407a-42e0-bea7-4f069a323fc4,SUCCEEDED,37310331652,38459085890,1148.754238
c1-w2-r2,1,2,2,44b09990-f57a-4063-8cff-cff17d1a8835,d7a5e053-33fe-4f8c-9b5f-0ad342242a94,SUCCEEDED,38506493359,39657065308,1150.571949
c1-w2-r2,1,2,2,44b09990-f57a-4063-8cff-cff17d1a8835,dd6e42d2-c594-406d-a561-e65af821cc21,SUCCEEDED,39684297030,40799416654,1115.119624
c1-w2-r2,1,2,2,44b09990-f57a-4063-8cff-cff17d1a8835,9625f570-0465-40ce-aa9c-fe4b16536e6c,SUCCEEDED,40826246430,41950359720,1124.11329
c1-w2-r2,1,2,2,44b09990-f57a-4063-8cff-cff17d1a8835,2a04ca69-4c57-4883-b332-622ed6e80001,SUCCEEDED,41973846615,43078052159,1104.205544
c1-w2-r3,1,2,3,7717f593-1d13-4e39-8c9c-ec72a05b7ee7,1b74c81c-fa05-46c6-a744-5bba3ed52ac2,SUCCEEDED,15252467722,16388357181,1135.889459
c1-w2-r3,1,2,3,7717f593-1d13-4e39-8c9c-ec72a05b7ee7,0eda0d92-3944-40c3-84df-d5a5683796a4,SUCCEEDED,16448528330,17627634082,1179.105752
c1-w2-r3,1,2,3,7717f593-1d13-4e39-8c9c-ec72a05b7ee7,71c7bd12-5e22-4010-b8ac-a567cfaafb5f,SUCCEEDED,17662957461,18854804307,1191.846846
c1-w2-r3,1,2,3,7717f593-1d13-4e39-8c9c-ec72a05b7ee7,6189e707-693e-40dd-bb61-628ad40ebe82,SUCCEEDED,18916679090,20077492549,1160.813459
c1-w2-r3,1,2,3,7717f593-1d13-4e39-8c9c-ec72a05b7ee7,5246af1b-46ee-49be-ab32-4f8d1b600ebf,SUCCEEDED,20122576246,21285092679,1162.516433
c1-w2-r3,1,2,3,7717f593-1d13-4e39-8c9c-ec72a05b7ee7,6a380b97-8f06-4485-978c-7c7642c794f8,SUCCEEDED,21292858689,22394444871,1101.586182
c1-w2-r3,1,2,3,7717f593-1d13-4e39-8c9c-ec72a05b7ee7,e59e3d5a-b421-4400-87e3-0a611a3584a7,SUCCEEDED,22438509739,23597501341,1158.991602
c1-w2-r3,1,2,3,7717f593-1d13-4e39-8c9c-ec72a05b7ee7,2841f654-9beb-4277-8c5e-e6775bfef70b,SUCCEEDED,23635410035,24752478210,1117.068175
c1-w2-r3,1,2,3,7717f593-1d13-4e39-8c9c-ec72a05b7ee7,948381ac-817d-4bb5-91f6-02eb1b346839,SUCCEEDED,24777150931,25917314321,1140.16339
c1-w2-r3,1,2,3,7717f593-1d13-4e39-8c9c-ec72a05b7ee7,5e0b999f-fb00-4d37-b89d-5c857f24c9b0,SUCCEEDED,25963631585,27129181661,1165.550076
c1-w2-r3,1,2,3,7717f593-1d13-4e39-8c9c-ec72a05b7ee7,ab0b58c1-b6a0-418b-92b0-53977c570f32,SUCCEEDED,27138750308,28284167517,1145.417209
c1-w2-r3,1,2,3,7717f593-1d13-4e39-8c9c-ec72a05b7ee7,25eec139-0380-4683-8812-ae6e14f35cc2,SUCCEEDED,28326191267,29440633831,1114.442564
c1-w2-r3,1,2,3,7717f593-1d13-4e39-8c9c-ec72a05b7ee7,130e9fa9-2342-4600-b01f-0b484ed9e9d9,SUCCEEDED,29487913252,30589922127,1102.008875
c1-w2-r3,1,2,3,7717f593-1d13-4e39-8c9c-ec72a05b7ee7,7495f3b0-8014-4b9e-ac81-8a387a87b66a,SUCCEEDED,30593935702,31733604986,1139.669284
c1-w2-r3,1,2,3,7717f593-1d13-4e39-8c9c-ec72a05b7ee7,adb970ee-8d33-4aa9-b0c6-e9c98164d3d5,SUCCEEDED,31742033752,32904012929,1161.979177
c1-w2-r3,1,2,3,7717f593-1d13-4e39-8c9c-ec72a05b7ee7,b88c4f98-903d-49c9-bc42-1c116ae4d0a6,SUCCEEDED,32924161332,33990663047,1066.501715
c1-w2-r3,1,2,3,7717f593-1d13-4e39-8c9c-ec72a05b7ee7,59dced54-5faf-4b44-ab09-030d332fa7c1,SUCCEEDED,34022952088,35169992253,1147.040165
c1-w2-r3,1,2,3,7717f593-1d13-4e39-8c9c-ec72a05b7ee7,f208ad0f-200b-45f8-9c1a-95c3b268a182,SUCCEEDED,35182879937,36318499712,1135.619775
c1-w2-r3,1,2,3,7717f593-1d13-4e39-8c9c-ec72a05b7ee7,a4bc4dda-4e1f-4e4a-836a-cce85ca18587,SUCCEEDED,36325361593,37473958904,1148.597311
c1-w2-r3,1,2,3,7717f593-1d13-4e39-8c9c-ec72a05b7ee7,1ad4af2b-460a-4ea0-bfa8-e3f033c64202,SUCCEEDED,37521056992,38617863501,1096.806509
c1-w2-r3,1,2,3,7717f593-1d13-4e39-8c9c-ec72a05b7ee7,25132e58-deb6-4807-9aed-c3628310263f,SUCCEEDED,38622254256,39762465267,1140.211011
c1-w2-r3,1,2,3,7717f593-1d13-4e39-8c9c-ec72a05b7ee7,78c2c9a6-f45a-4282-8de4-a5c6ce1f7984,SUCCEEDED,39813746865,40899522727,1085.775862
c1-w2-r3,1,2,3,7717f593-1d13-4e39-8c9c-ec72a05b7ee7,b69b6530-e6f7-4478-8083-0fb7781c32b9,SUCCEEDED,40959274977,42057047162,1097.772185
c1-w2-r3,1,2,3,7717f593-1d13-4e39-8c9c-ec72a05b7ee7,7cd8bb91-bfa1-4cc6-a5a0-283d2964032b,SUCCEEDED,42074435478,43202396451,1127.960973
c1-w2-r4,1,2,4,0854042b-8b14-484c-8ebb-9f101922d690,486e1d80-8db0-4157-b8ea-c2bb82e3e0a3,SUCCEEDED,14902289006,16115891919,1213.602913
c1-w2-r4,1,2,4,0854042b-8b14-484c-8ebb-9f101922d690,218402ae-c0c4-4792-85df-50b85150919f,SUCCEEDED,16142235167,17349865644,1207.630477
c1-w2-r4,1,2,4,0854042b-8b14-484c-8ebb-9f101922d690,fc98fac0-1c72-4c6f-9d61-4a262651f6dd,SUCCEEDED,17395145376,18590368264,1195.222888
c1-w2-r4,1,2,4,0854042b-8b14-484c-8ebb-9f101922d690,a1b40c13-2cd9-4ec6-bbd2-bfdadc95565a,SUCCEEDED,18646390518,19827095942,1180.705424
c1-w2-r4,1,2,4,0854042b-8b14-484c-8ebb-9f101922d690,14535abe-4976-480f-87a6-f70b20be154a,SUCCEEDED,19834648720,20937983589,1103.334869
c1-w2-r4,1,2,4,0854042b-8b14-484c-8ebb-9f101922d690,00e29ac8-fa3f-4f2e-8a5b-14c0456380e8,SUCCEEDED,20971935224,22168339508,1196.404284
c1-w2-r4,1,2,4,0854042b-8b14-484c-8ebb-9f101922d690,f92af6e1-3ce9-451d-8d37-c4cef893c4ae,SUCCEEDED,22194253224,23373841741,1179.588517
c1-w2-r4,1,2,4,0854042b-8b14-484c-8ebb-9f101922d690,9e87d949-69b1-4b21-ac23-20c966b31586,SUCCEEDED,23401048885,24481664024,1080.615139
c1-w2-r4,1,2,4,0854042b-8b14-484c-8ebb-9f101922d690,72893763-b3f4-4eb0-b83d-030a303cb4ee,SUCCEEDED,24503253221,25579062803,1075.809582
c1-w2-r4,1,2,4,0854042b-8b14-484c-8ebb-9f101922d690,4d58d1c0-0b7d-4406-8bc5-a959e333bfa3,SUCCEEDED,25587760131,26775947978,1188.187847
c1-w2-r4,1,2,4,0854042b-8b14-484c-8ebb-9f101922d690,d29a3dfb-e466-4cf9-9215-5659e19cb10e,SUCCEEDED,26807537852,28005829795,1198.291943
c1-w2-r4,1,2,4,0854042b-8b14-484c-8ebb-9f101922d690,023fad23-d956-44ba-bc4c-9373c909f521,SUCCEEDED,28062539172,29206353900,1143.814728
c1-w2-r4,1,2,4,0854042b-8b14-484c-8ebb-9f101922d690,25bf1d4a-9f0c-4ffb-bea2-c6654148357f,SUCCEEDED,29234417119,30421789344,1187.372225
c1-w2-r4,1,2,4,0854042b-8b14-484c-8ebb-9f101922d690,49fa002e-a364-4561-8aca-2bd97c6b06ee,SUCCEEDED,30462104860,31623888146,1161.783286
c1-w2-r4,1,2,4,0854042b-8b14-484c-8ebb-9f101922d690,f7046921-217c-41a1-acd1-dc61c996131c,SUCCEEDED,31644384654,32837190646,1192.805992
c1-w2-r4,1,2,4,0854042b-8b14-484c-8ebb-9f101922d690,8a9004f4-8d23-4d0c-85a8-101c7811fb2c,SUCCEEDED,32886577996,34041182523,1154.604527
c1-w2-r4,1,2,4,0854042b-8b14-484c-8ebb-9f101922d690,5274e83d-dc0f-4cb9-995e-448af7664732,SUCCEEDED,34075696584,35240788462,1165.091878
c1-w2-r4,1,2,4,0854042b-8b14-484c-8ebb-9f101922d690,156f7b88-e645-46a3-ab05-dbcecccdef9d,SUCCEEDED,35282213732,36443883122,1161.66939
c1-w2-r4,1,2,4,0854042b-8b14-484c-8ebb-9f101922d690,39d630d0-a592-4fa5-a31e-6d7f7a50568b,SUCCEEDED,36489682761,37678816918,1189.134157
c1-w2-r4,1,2,4,0854042b-8b14-484c-8ebb-9f101922d690,d2b8ac7f-55b1-4809-a03c-d45350633490,SUCCEEDED,37726571300,38899442229,1172.870929
c1-w2-r4,1,2,4,0854042b-8b14-484c-8ebb-9f101922d690,2bd7558e-4206-4c89-ac21-bec109000906,SUCCEEDED,38918671979,40112597688,1193.925709
c1-w2-r4,1,2,4,0854042b-8b14-484c-8ebb-9f101922d690,68e8286b-ab51-44da-820f-30e5722b866f,SUCCEEDED,40131487466,41313357379,1181.869913
c1-w2-r4,1,2,4,0854042b-8b14-484c-8ebb-9f101922d690,73a1c07d-ba9b-4e05-9558-5d26d621678b,SUCCEEDED,41341991271,42529511521,1187.52025
c1-w2-r4,1,2,4,0854042b-8b14-484c-8ebb-9f101922d690,354def4d-8463-4121-a875-610d119865da,SUCCEEDED,42566826872,43708152971,1141.326099
c1-w2-r5,1,2,5,5c1a7a19-5ed2-47d4-a0a1-253174adf019,7e68701d-d9e7-4cb0-9593-a81d25c91891,SUCCEEDED,14743327692,15881339674,1138.011982
c1-w2-r5,1,2,5,5c1a7a19-5ed2-47d4-a0a1-253174adf019,12b542f0-9a96-4bec-b914-161f67a22f67,SUCCEEDED,15926167353,17126014095,1199.846742
c1-w2-r5,1,2,5,5c1a7a19-5ed2-47d4-a0a1-253174adf019,265c0c81-6528-4e48-b29d-74a6c34e9a06,SUCCEEDED,17138664058,18355603461,1216.939403
c1-w2-r5,1,2,5,5c1a7a19-5ed2-47d4-a0a1-253174adf019,97b868b6-63d0-4c93-bfed-9ea2245f6476,SUCCEEDED,18388759326,19573839141,1185.079815
c1-w2-r5,1,2,5,5c1a7a19-5ed2-47d4-a0a1-253174adf019,803d1383-d876-4fc3-9a9f-1b2ed514c6dc,SUCCEEDED,19580317088,20681533650,1101.216562
c1-w2-r5,1,2,5,5c1a7a19-5ed2-47d4-a0a1-253174adf019,6845a153-bc7a-4b92-892e-5e504be72589,SUCCEEDED,20695865733,21832754366,1136.888633
c1-w2-r5,1,2,5,5c1a7a19-5ed2-47d4-a0a1-253174adf019,35a75278-a638-4610-a827-d8b8216662cb,SUCCEEDED,21860288442,23007697222,1147.40878
c1-w2-r5,1,2,5,5c1a7a19-5ed2-47d4-a0a1-253174adf019,2b91e4e0-0727-4e12-afeb-383c7e77c0b6,SUCCEEDED,23054656301,24245140800,1190.484499
c1-w2-r5,1,2,5,5c1a7a19-5ed2-47d4-a0a1-253174adf019,050ae0a9-72e9-4bd0-a4a8-92f655f7df5c,SUCCEEDED,24299121523,25473735707,1174.614184
c1-w2-r5,1,2,5,5c1a7a19-5ed2-47d4-a0a1-253174adf019,be650cc7-45d7-4f11-8588-0e5874f9e20a,SUCCEEDED,25505466756,26681601770,1176.135014
c1-w2-r5,1,2,5,5c1a7a19-5ed2-47d4-a0a1-253174adf019,597c0b62-a206-4998-909e-7a54f2006db9,SUCCEEDED,26729179821,27924772057,1195.592236
c1-w2-r5,1,2,5,5c1a7a19-5ed2-47d4-a0a1-253174adf019,55f4c915-6b4a-4e88-aec0-f2b8aa90c219,SUCCEEDED,27965550885,29138838153,1173.287268
c1-w2-r5,1,2,5,5c1a7a19-5ed2-47d4-a0a1-253174adf019,577dab29-db6f-4c0e-8450-409297fcc5db,SUCCEEDED,29145789723,30252759489,1106.969766
c1-w2-r5,1,2,5,5c1a7a19-5ed2-47d4-a0a1-253174adf019,4a0579c8-1d47-4b01-80ea-2f7ed59675a8,SUCCEEDED,30301308172,31457571498,1156.263326
c1-w2-r5,1,2,5,5c1a7a19-5ed2-47d4-a0a1-253174adf019,321b4e42-1e27-4e73-b567-8d83bd11c4db,SUCCEEDED,31469891868,32568394421,1098.502553
c1-w2-r5,1,2,5,5c1a7a19-5ed2-47d4-a0a1-253174adf019,98b62798-020c-4533-a6d8-93c8e02f8b31,SUCCEEDED,32600656706,33781621686,1180.96498
c1-w2-r5,1,2,5,5c1a7a19-5ed2-47d4-a0a1-253174adf019,4ac606ec-0e54-4b36-918b-43f66921a332,SUCCEEDED,33813917998,34994557124,1180.639126
c1-w2-r5,1,2,5,5c1a7a19-5ed2-47d4-a0a1-253174adf019,99d72b0e-e868-4486-a01e-f070212acc9f,SUCCEEDED,35021468079,36209739122,1188.271043
c1-w2-r5,1,2,5,5c1a7a19-5ed2-47d4-a0a1-253174adf019,27927ad5-7064-4f6d-a1ba-93b440b69418,SUCCEEDED,36218110885,37290266728,1072.155843
c1-w2-r5,1,2,5,5c1a7a19-5ed2-47d4-a0a1-253174adf019,cac75730-81b2-4913-b98f-fc9500a6341f,SUCCEEDED,37332718003,38453795658,1121.077655
c1-w2-r5,1,2,5,5c1a7a19-5ed2-47d4-a0a1-253174adf019,3d1a7cde-7c8c-495c-b367-1c39f2e4ea6f,SUCCEEDED,38479784987,39607177345,1127.392358
c1-w2-r5,1,2,5,5c1a7a19-5ed2-47d4-a0a1-253174adf019,a330ea12-67fe-483b-a770-fd4a34fa301d,SUCCEEDED,39633692069,40759324017,1125.631948
c1-w2-r5,1,2,5,5c1a7a19-5ed2-47d4-a0a1-253174adf019,da38fa4c-a70a-491a-9e48-39d887a2870f,SUCCEEDED,40786460353,41897479803,1111.01945
c1-w2-r5,1,2,5,5c1a7a19-5ed2-47d4-a0a1-253174adf019,d53810fc-fd8c-4e62-9568-b78a0680bc18,SUCCEEDED,41926378965,43056588094,1130.209129
c1-w4-r1,1,4,1,546202e0-6228-41b1-a80e-730fcf55383a,65328b9f-cd0e-4489-929c-758dda0d6f06,SUCCEEDED,18256535720,19260591925,1004.056205
c1-w4-r1,1,4,1,546202e0-6228-41b1-a80e-730fcf55383a,775562e1-911c-46c1-a20f-74d5bc10f368,SUCCEEDED,19277319116,20243756449,966.437333
c1-w4-r1,1,4,1,546202e0-6228-41b1-a80e-730fcf55383a,2c84590d-eb90-43ab-96cb-f70eb3a60e79,SUCCEEDED,20281519097,21238064819,956.545722
c1-w4-r1,1,4,1,546202e0-6228-41b1-a80e-730fcf55383a,c65c7b39-e135-4c65-95a8-6b1fe90af5e6,SUCCEEDED,21249419212,22182893084,933.473872
c1-w4-r1,1,4,1,546202e0-6228-41b1-a80e-730fcf55383a,f0be7885-91b5-47fb-8ecd-d97fb93d724c,SUCCEEDED,22215601853,23166864916,951.263063
c1-w4-r1,1,4,1,546202e0-6228-41b1-a80e-730fcf55383a,5058a627-264c-4e4a-b345-0c2c55a850f8,SUCCEEDED,23193548088,24123658649,930.110561
c1-w4-r1,1,4,1,546202e0-6228-41b1-a80e-730fcf55383a,71ab8848-97bc-409f-877a-8c72f326fdea,SUCCEEDED,24158445348,25110375610,951.930262
c1-w4-r1,1,4,1,546202e0-6228-41b1-a80e-730fcf55383a,c75ab53a-caa9-4960-bb81-32903afbe162,SUCCEEDED,25130767826,26115357285,984.589459
c1-w4-r1,1,4,1,546202e0-6228-41b1-a80e-730fcf55383a,6df57434-f1d4-440f-8527-920ee7a00b0f,SUCCEEDED,26132374501,27078432839,946.058338
c1-w4-r1,1,4,1,546202e0-6228-41b1-a80e-730fcf55383a,f18b2d9c-1e52-4b22-9d46-315b2387ae24,SUCCEEDED,27137307343,28116022252,978.714909
c1-w4-r1,1,4,1,546202e0-6228-41b1-a80e-730fcf55383a,f8b114a4-19f6-4503-a409-8ee072778c3b,SUCCEEDED,28161589006,29064803949,903.214943
c1-w4-r1,1,4,1,546202e0-6228-41b1-a80e-730fcf55383a,1582c5e1-4331-4c9b-a45e-d99ba4a4fb7e,SUCCEEDED,29073342264,29991941012,918.598748
c1-w4-r1,1,4,1,546202e0-6228-41b1-a80e-730fcf55383a,2884befb-3be7-419f-8ca5-0b3b245862aa,SUCCEEDED,30036141025,30994575954,958.434929
c1-w4-r1,1,4,1,546202e0-6228-41b1-a80e-730fcf55383a,5eecd420-0674-4d7c-b536-7259454f5bde,SUCCEEDED,31002283280,31958803381,956.520101
c1-w4-r1,1,4,1,546202e0-6228-41b1-a80e-730fcf55383a,b2264eb9-fe66-4731-a343-96fd1f743384,SUCCEEDED,31985417084,32889070495,903.653411
c1-w4-r1,1,4,1,546202e0-6228-41b1-a80e-730fcf55383a,c0d596e9-53db-4d46-a022-308a088d4162,SUCCEEDED,32908359792,33869785642,961.42585
c1-w4-r1,1,4,1,546202e0-6228-41b1-a80e-730fcf55383a,98f348dc-536e-4bdf-a5fb-229130d10d1b,SUCCEEDED,33908013016,34878499555,970.486539
c1-w4-r1,1,4,1,546202e0-6228-41b1-a80e-730fcf55383a,ad8e382b-1cf1-442c-989d-2bf3be01b538,SUCCEEDED,34914858126,35805149896,890.29177
c1-w4-r1,1,4,1,546202e0-6228-41b1-a80e-730fcf55383a,88bc5b60-7536-46a0-bd19-c1aee3019e35,SUCCEEDED,35854709215,36809647470,954.938255
c1-w4-r1,1,4,1,546202e0-6228-41b1-a80e-730fcf55383a,1332929a-c603-46b8-b6ca-a77aaa187465,SUCCEEDED,36844414357,37825787685,981.373328
c1-w4-r1,1,4,1,546202e0-6228-41b1-a80e-730fcf55383a,4fc3798d-720c-477d-9c89-9f84c0e6ce2c,SUCCEEDED,37832803059,38778942614,946.139555
c1-w4-r1,1,4,1,546202e0-6228-41b1-a80e-730fcf55383a,2601c3cc-04e7-4f1b-9a9b-f6c35f736a59,SUCCEEDED,38801061303,39718879373,917.81807
c1-w4-r1,1,4,1,546202e0-6228-41b1-a80e-730fcf55383a,edc21d4c-db3a-41d5-bcb1-933587b86a68,SUCCEEDED,39752911026,40723034084,970.123058
c1-w4-r1,1,4,1,546202e0-6228-41b1-a80e-730fcf55383a,a26ef11a-32a0-4b59-9f20-cd1ead7136f0,SUCCEEDED,40768217159,41717159739,948.94258
c1-w4-r2,1,4,2,56685347-bc85-4ed0-9591-a93fe797e054,5f4af6e3-dad3-49a7-9cbc-b184a9433499,SUCCEEDED,18231203121,19200886598,969.683477
c1-w4-r2,1,4,2,56685347-bc85-4ed0-9591-a93fe797e054,505bf4bb-4a8c-4cf0-962e-190c721a092f,SUCCEEDED,19239619407,20192149866,952.530459
c1-w4-r2,1,4,2,56685347-bc85-4ed0-9591-a93fe797e054,cd298348-0a52-4e7e-a92f-3cc7db1c72af,SUCCEEDED,20245332294,21116951988,871.619694
c1-w4-r2,1,4,2,56685347-bc85-4ed0-9591-a93fe797e054,253c20f3-eabe-49b8-a1c4-2cfe114d3cce,SUCCEEDED,21148915327,22087025342,938.110015
c1-w4-r2,1,4,2,56685347-bc85-4ed0-9591-a93fe797e054,9b410c0f-6939-4000-a310-5e15d5316eb1,SUCCEEDED,22120200317,23069265622,949.065305
c1-w4-r2,1,4,2,56685347-bc85-4ed0-9591-a93fe797e054,e327d184-c0dc-45a6-90fc-aa7f3589d331,SUCCEEDED,23104151392,24092177085,988.025693
c1-w4-r2,1,4,2,56685347-bc85-4ed0-9591-a93fe797e054,f3115118-119b-49a8-8901-fc52aed3e955,SUCCEEDED,24104207011,25090881148,986.674137
c1-w4-r2,1,4,2,56685347-bc85-4ed0-9591-a93fe797e054,954fc73a-6037-441a-b8bc-e0f90857574b,SUCCEEDED,25128888853,26114231913,985.34306
c1-w4-r2,1,4,2,56685347-bc85-4ed0-9591-a93fe797e054,cc84d318-be41-4432-a46c-0f627fb38b49,SUCCEEDED,26122144601,27003035813,880.891212
c1-w4-r2,1,4,2,56685347-bc85-4ed0-9591-a93fe797e054,8124d473-cc82-48ae-abcd-084a363a11ac,SUCCEEDED,27062220583,28035374612,973.154029
c1-w4-r2,1,4,2,56685347-bc85-4ed0-9591-a93fe797e054,b58626a3-88de-4c01-93f0-c53a02edfe93,SUCCEEDED,28059169742,28981014154,921.844412
c1-w4-r2,1,4,2,56685347-bc85-4ed0-9591-a93fe797e054,59fe4230-ac44-465b-a51c-41886191ff77,SUCCEEDED,29019902941,29957103623,937.200682
c1-w4-r2,1,4,2,56685347-bc85-4ed0-9591-a93fe797e054,a97973ad-bd2e-458e-8ab7-d714327c8316,SUCCEEDED,29977940058,30931202348,953.26229
c1-w4-r2,1,4,2,56685347-bc85-4ed0-9591-a93fe797e054,80cf8ef9-ba85-4af9-8333-2e3b04de169d,SUCCEEDED,30968935784,31950023319,981.087535
c1-w4-r2,1,4,2,56685347-bc85-4ed0-9591-a93fe797e054,2b6e9006-f9cd-476d-92c4-3ce87ef30d85,SUCCEEDED,32006296816,32945610376,939.31356
c1-w4-r2,1,4,2,56685347-bc85-4ed0-9591-a93fe797e054,a2415a81-f7fe-4531-bdd8-9201ef9a2534,SUCCEEDED,32994254000,33921397678,927.143678
c1-w4-r2,1,4,2,56685347-bc85-4ed0-9591-a93fe797e054,21ea1ed2-808b-4281-adb9-eb781e61df71,SUCCEEDED,33934822700,34932700848,997.878148
c1-w4-r2,1,4,2,56685347-bc85-4ed0-9591-a93fe797e054,b278bfac-d87e-44a8-b7bd-837dca25564b,SUCCEEDED,34960931070,35972794920,1011.86385
c1-w4-r2,1,4,2,56685347-bc85-4ed0-9591-a93fe797e054,174d9b37-a740-4212-80ea-a053196a490a,SUCCEEDED,36016036683,37031281785,1015.245102
c1-w4-r2,1,4,2,56685347-bc85-4ed0-9591-a93fe797e054,ad5f9cb7-1286-48ac-a4d4-0ac2bdc289cc,SUCCEEDED,37062603592,38089876113,1027.272521
c1-w4-r2,1,4,2,56685347-bc85-4ed0-9591-a93fe797e054,63a20a77-7691-4c86-a047-06db15a18d77,SUCCEEDED,38099334730,39130988657,1031.653927
c1-w4-r2,1,4,2,56685347-bc85-4ed0-9591-a93fe797e054,a1169b3e-b9bd-4335-8c76-62ed2526c638,SUCCEEDED,39182607511,40129073638,946.466127
c1-w4-r2,1,4,2,56685347-bc85-4ed0-9591-a93fe797e054,18baff34-8ce3-48ca-919c-3c7c389b0466,SUCCEEDED,40135665656,41118458344,982.792688
c1-w4-r2,1,4,2,56685347-bc85-4ed0-9591-a93fe797e054,67e067d3-312e-45cb-8760-3f6ff46f5256,SUCCEEDED,41124274722,42022981535,898.706813
c1-w4-r3,1,4,3,ddeff47d-0322-4ac4-ab67-a7800a0912fe,4f93e26a-cd18-4229-a5a7-c80a618e4603,SUCCEEDED,18894112789,19918997212,1024.884423
c1-w4-r3,1,4,3,ddeff47d-0322-4ac4-ab67-a7800a0912fe,14418fdc-d627-4c33-86f4-fef84966b6b6,SUCCEEDED,19946380886,20947408948,1001.028062
c1-w4-r3,1,4,3,ddeff47d-0322-4ac4-ab67-a7800a0912fe,e6251d13-43d8-4141-acc0-563f57c95037,SUCCEEDED,20957981349,21877396481,919.415132
c1-w4-r3,1,4,3,ddeff47d-0322-4ac4-ab67-a7800a0912fe,ecde1e99-5d1e-4617-85fc-a28aec875663,SUCCEEDED,21920391043,22862891143,942.5001
c1-w4-r3,1,4,3,ddeff47d-0322-4ac4-ab67-a7800a0912fe,4b6e2eb1-3961-4f33-9640-6b0cfa64dc45,SUCCEEDED,22881715319,23778378988,896.663669
c1-w4-r3,1,4,3,ddeff47d-0322-4ac4-ab67-a7800a0912fe,cea460bf-ab02-4990-975e-41dc57c6b096,SUCCEEDED,23800625383,24820333264,1019.707881
c1-w4-r3,1,4,3,ddeff47d-0322-4ac4-ab67-a7800a0912fe,dad012fa-bc5c-4eac-958f-4598a271d04c,SUCCEEDED,24849047616,25826612325,977.564709
c1-w4-r3,1,4,3,ddeff47d-0322-4ac4-ab67-a7800a0912fe,719b1875-aa7e-4766-81f4-4d7cb4c13ea3,SUCCEEDED,25868121638,26844663017,976.541379
c1-w4-r3,1,4,3,ddeff47d-0322-4ac4-ab67-a7800a0912fe,9092cdb1-3719-4c74-a31a-78467080281b,SUCCEEDED,26880860063,27798635362,917.775299
c1-w4-r3,1,4,3,ddeff47d-0322-4ac4-ab67-a7800a0912fe,afb703b1-d744-4e57-927f-fd91fc17eb64,SUCCEEDED,27842261440,28835818078,993.556638
c1-w4-r3,1,4,3,ddeff47d-0322-4ac4-ab67-a7800a0912fe,72e0f08d-b056-4368-8ea1-31d36e6430cb,SUCCEEDED,28879322644,29808091763,928.769119
c1-w4-r3,1,4,3,ddeff47d-0322-4ac4-ab67-a7800a0912fe,a910933d-8e9f-46f5-a2a2-602daeee209b,SUCCEEDED,29826866088,30719223748,892.35766
c1-w4-r3,1,4,3,ddeff47d-0322-4ac4-ab67-a7800a0912fe,d7c7d96e-a66a-4a20-b2a3-2c745de1e051,SUCCEEDED,30727548895,31645928124,918.379229
c1-w4-r3,1,4,3,ddeff47d-0322-4ac4-ab67-a7800a0912fe,6002620d-4a95-4ab7-bad7-2c1e65aa103a,SUCCEEDED,31684842276,32681359975,996.517699
c1-w4-r3,1,4,3,ddeff47d-0322-4ac4-ab67-a7800a0912fe,bbb185e2-77a8-417b-85af-a5f5d5fbc73a,SUCCEEDED,32705789311,33659689978,953.900667
c1-w4-r3,1,4,3,ddeff47d-0322-4ac4-ab67-a7800a0912fe,ffd7ef1e-64ab-4b23-84e1-19199a452477,SUCCEEDED,33708486887,34634921794,926.434907
c1-w4-r3,1,4,3,ddeff47d-0322-4ac4-ab67-a7800a0912fe,a1ff5bfd-2bf3-41f9-b478-fc0586a65f38,SUCCEEDED,34682063066,35614697638,932.634572
c1-w4-r3,1,4,3,ddeff47d-0322-4ac4-ab67-a7800a0912fe,8299f4c3-088d-45e3-8c43-26d793f141b6,SUCCEEDED,35639571904,36603516757,963.944853
c1-w4-r3,1,4,3,ddeff47d-0322-4ac4-ab67-a7800a0912fe,a0c4e902-11f4-4a84-846b-14f7e2d4d4b8,SUCCEEDED,36623961182,37584827363,960.866181
c1-w4-r3,1,4,3,ddeff47d-0322-4ac4-ab67-a7800a0912fe,5fb8a36c-b613-4c02-94e7-6b72a5c90589,SUCCEEDED,37603701581,38533128369,929.426788
c1-w4-r3,1,4,3,ddeff47d-0322-4ac4-ab67-a7800a0912fe,78928058-81a3-4abc-a6ad-d4100210c41f,SUCCEEDED,38584683196,39476955174,892.271978
c1-w4-r3,1,4,3,ddeff47d-0322-4ac4-ab67-a7800a0912fe,1fbbabb8-6937-4acc-92f8-04dfe0d20e9d,SUCCEEDED,39522826982,40468222715,945.395733
c1-w4-r3,1,4,3,ddeff47d-0322-4ac4-ab67-a7800a0912fe,affd1135-2598-498f-bff0-890a5167fc41,SUCCEEDED,40473343498,41411152167,937.808669
c1-w4-r3,1,4,3,ddeff47d-0322-4ac4-ab67-a7800a0912fe,75f87597-446a-4c29-8b22-44dcbce31722,SUCCEEDED,41420946092,42378598590,957.652498
c1-w4-r4,1,4,4,b807ad98-701a-4a4d-97b5-b9287777a85c,37209a7b-7314-4eda-8835-8c381be69867,SUCCEEDED,20479862836,21506436178,1026.573342
c1-w4-r4,1,4,4,b807ad98-701a-4a4d-97b5-b9287777a85c,84ff783e-9d80-4214-b391-715022d771e4,SUCCEEDED,21558652815,22534554575,975.90176
c1-w4-r4,1,4,4,b807ad98-701a-4a4d-97b5-b9287777a85c,09e3ea1a-b7fc-4428-aaec-0c8e29bf8e98,SUCCEEDED,22597128249,23579395395,982.267146
c1-w4-r4,1,4,4,b807ad98-701a-4a4d-97b5-b9287777a85c,a2aa1d05-8c04-4242-a387-d522f71bdae4,SUCCEEDED,23622998603,24659174043,1036.17544
c1-w4-r4,1,4,4,b807ad98-701a-4a4d-97b5-b9287777a85c,55847880-829c-4f56-bd2c-2056181df039,SUCCEEDED,24669075605,25708286460,1039.210855
c1-w4-r4,1,4,4,b807ad98-701a-4a4d-97b5-b9287777a85c,acecb8bc-5938-4731-93a8-8b6072aaa33a,SUCCEEDED,25754254109,26675038155,920.784046
c1-w4-r4,1,4,4,b807ad98-701a-4a4d-97b5-b9287777a85c,fe775319-5c61-4312-9a81-38302abef096,SUCCEEDED,26684033947,27632557649,948.523702
c1-w4-r4,1,4,4,b807ad98-701a-4a4d-97b5-b9287777a85c,65170656-6c55-41ff-b5e2-61559fde75c7,SUCCEEDED,27672067672,28728312534,1056.244862
c1-w4-r4,1,4,4,b807ad98-701a-4a4d-97b5-b9287777a85c,2e4cafe2-958d-4665-a75d-6fba2f24c6da,SUCCEEDED,28786600012,29810620286,1024.020274
c1-w4-r4,1,4,4,b807ad98-701a-4a4d-97b5-b9287777a85c,01037cad-01c9-44cf-90f6-c405b294f5e2,SUCCEEDED,29835147601,30848334118,1013.186517
c1-w4-r4,1,4,4,b807ad98-701a-4a4d-97b5-b9287777a85c,21b49272-4407-4431-a78c-ff921f77db71,SUCCEEDED,30892218645,31913428539,1021.209894
c1-w4-r4,1,4,4,b807ad98-701a-4a4d-97b5-b9287777a85c,b98934a1-572b-4241-9073-cd4fb01633ec,SUCCEEDED,31971589397,32956438744,984.849347
c1-w4-r4,1,4,4,b807ad98-701a-4a4d-97b5-b9287777a85c,1547d50e-6f13-4665-98e3-0c55615d638c,SUCCEEDED,33006636486,33960258287,953.621801
c1-w4-r4,1,4,4,b807ad98-701a-4a4d-97b5-b9287777a85c,c837528a-1bd7-4535-91ab-e7beded894ac,SUCCEEDED,33987754714,34973802087,986.047373
c1-w4-r4,1,4,4,b807ad98-701a-4a4d-97b5-b9287777a85c,b2b64b01-8c5a-4f81-8bed-51abb4084a2b,SUCCEEDED,35025804509,35960982441,935.177932
c1-w4-r4,1,4,4,b807ad98-701a-4a4d-97b5-b9287777a85c,268b152f-86cc-4e7b-9346-a8f3c3af8cf5,SUCCEEDED,36012460156,36981624826,969.16467
c1-w4-r4,1,4,4,b807ad98-701a-4a4d-97b5-b9287777a85c,ad8e5f23-8d3c-420a-a7af-3bf1802c74c8,SUCCEEDED,36994690221,37942917415,948.227194
c1-w4-r4,1,4,4,b807ad98-701a-4a4d-97b5-b9287777a85c,bc4c2522-4574-4406-ba09-9034c16c2831,SUCCEEDED,37994653488,38943061280,948.407792
c1-w4-r4,1,4,4,b807ad98-701a-4a4d-97b5-b9287777a85c,8352e384-3925-4c53-be9c-f51266c4485c,SUCCEEDED,38956191006,39863129440,906.938434
c1-w4-r4,1,4,4,b807ad98-701a-4a4d-97b5-b9287777a85c,11827da1-2bc8-4486-85ab-6c4532211ad5,SUCCEEDED,39899971822,40881708893,981.737071
c1-w4-r4,1,4,4,b807ad98-701a-4a4d-97b5-b9287777a85c,57693519-ebfd-4ab9-8f98-f94e9588388b,SUCCEEDED,40919381970,41899217886,979.835916
c1-w4-r4,1,4,4,b807ad98-701a-4a4d-97b5-b9287777a85c,3ba05aca-aca8-4d8b-bc39-300dee7b0f12,SUCCEEDED,41960671710,42909575492,948.903782
c1-w4-r4,1,4,4,b807ad98-701a-4a4d-97b5-b9287777a85c,880e0f44-2ad4-49b8-9aa6-1abdfbd4632d,SUCCEEDED,42942177356,43914396626,972.21927
c1-w4-r4,1,4,4,b807ad98-701a-4a4d-97b5-b9287777a85c,f7d6c201-a4d6-4465-85f3-ecfc06933d9b,SUCCEEDED,43940607027,44872453521,931.846494
c1-w4-r5,1,4,5,53a165f7-7502-4339-82e4-651719199db5,11bdcbdc-bfa5-4af8-b85e-ea37cea6c6dd,SUCCEEDED,19240114461,20291713409,1051.598948
c1-w4-r5,1,4,5,53a165f7-7502-4339-82e4-651719199db5,164d9344-b5e6-40d9-a648-26b12b9110c1,SUCCEEDED,20323110818,21290740322,967.629504
c1-w4-r5,1,4,5,53a165f7-7502-4339-82e4-651719199db5,9a80a622-dc8e-4b67-9205-1ce891bfaa9b,SUCCEEDED,21305050840,22196912698,891.861858
c1-w4-r5,1,4,5,53a165f7-7502-4339-82e4-651719199db5,85cb9e40-f501-439e-92fd-2e6fcc4fe013,SUCCEEDED,22212016642,23155777278,943.760636
c1-w4-r5,1,4,5,53a165f7-7502-4339-82e4-651719199db5,457029ad-8a9d-40bf-af2d-3e03022ebea3,SUCCEEDED,23189202533,24163994174,974.791641
c1-w4-r5,1,4,5,53a165f7-7502-4339-82e4-651719199db5,acc57d96-16fc-4043-9973-45bddd57df48,SUCCEEDED,24197814888,25182345339,984.530451
c1-w4-r5,1,4,5,53a165f7-7502-4339-82e4-651719199db5,29fc3b17-789a-4564-8cc4-9c515686eb44,SUCCEEDED,25217754598,26201869089,984.114491
c1-w4-r5,1,4,5,53a165f7-7502-4339-82e4-651719199db5,0933a0e9-9a72-42fc-930f-7b4d90c3acc4,SUCCEEDED,26252978289,27219826808,966.848519
c1-w4-r5,1,4,5,53a165f7-7502-4339-82e4-651719199db5,aa85bec2-e6b5-46fe-8e18-e0c7000382d6,SUCCEEDED,27259893150,28179628893,919.735743
c1-w4-r5,1,4,5,53a165f7-7502-4339-82e4-651719199db5,08f116e9-5b12-4a8e-8ab8-d91d0a2de205,SUCCEEDED,28215970237,29204537702,988.567465
c1-w4-r5,1,4,5,53a165f7-7502-4339-82e4-651719199db5,f66f7e23-bbda-4ef2-a2f3-38e69c1877ef,SUCCEEDED,29210851444,30166788237,955.936793
c1-w4-r5,1,4,5,53a165f7-7502-4339-82e4-651719199db5,2ba0f00e-fbd0-4016-a052-db719705f746,SUCCEEDED,30175564738,31117613935,942.049197
c1-w4-r5,1,4,5,53a165f7-7502-4339-82e4-651719199db5,d72e7fc5-94f3-422c-8219-43ff561c7ed9,SUCCEEDED,31128162283,32123116900,994.954617
c1-w4-r5,1,4,5,53a165f7-7502-4339-82e4-651719199db5,63e76d45-4298-4c3f-82e5-793901fe6351,SUCCEEDED,32149457065,33126970619,977.513554
c1-w4-r5,1,4,5,53a165f7-7502-4339-82e4-651719199db5,7ed694f9-c817-4510-b513-412e0ea0886d,SUCCEEDED,33166375436,34181216054,1014.840618
c1-w4-r5,1,4,5,53a165f7-7502-4339-82e4-651719199db5,c869fb8a-4a9d-4b1e-8b59-ef2f8a747022,SUCCEEDED,34221795427,35194956384,973.160957
c1-w4-r5,1,4,5,53a165f7-7502-4339-82e4-651719199db5,f5c4ffd7-3f48-4ce8-9c79-c57ef8bc9846,SUCCEEDED,35224507285,36300098989,1075.591704
c1-w4-r5,1,4,5,53a165f7-7502-4339-82e4-651719199db5,72e40cd6-ed19-4dda-ae44-8153b863f5c4,SUCCEEDED,36348011442,37297135062,949.12362
c1-w4-r5,1,4,5,53a165f7-7502-4339-82e4-651719199db5,d1a1bba3-dc34-49df-b146-855a2a39d20d,SUCCEEDED,37350025516,38301776284,951.750768
c1-w4-r5,1,4,5,53a165f7-7502-4339-82e4-651719199db5,15606576-5c36-400f-8ac9-0fd7ab0b8ed9,SUCCEEDED,38340464235,39317171050,976.706815
c1-w4-r5,1,4,5,53a165f7-7502-4339-82e4-651719199db5,3a94fd72-9770-4cc8-87f6-a0134bb4a971,SUCCEEDED,39379836979,40343658568,963.821589
c1-w4-r5,1,4,5,53a165f7-7502-4339-82e4-651719199db5,2fa5811e-5482-4b52-ad73-4b4735e9441c,SUCCEEDED,40377620431,41345516949,967.896518
c1-w4-r5,1,4,5,53a165f7-7502-4339-82e4-651719199db5,b4614dd8-8799-4e35-84a4-2646f9b3efbf,SUCCEEDED,41367636407,42354796689,987.160282
c1-w4-r5,1,4,5,53a165f7-7502-4339-82e4-651719199db5,e02b10c4-cba0-4ae7-a51a-26b79f5657a7,SUCCEEDED,42370093777,43364041792,993.948015
c4-w1-r1,4,1,1,47e4fb00-fbb4-4487-b37d-470421d673eb,3dda6f46-7c2f-4fcf-b95a-025f42421981,SUCCEEDED,13925535746,18910128811,4984.593065
c4-w1-r1,4,1,1,47e4fb00-fbb4-4487-b37d-470421d673eb,632f3f41-0797-4fa8-9b78-7b8852ba42ca,SUCCEEDED,13931712926,19134350303,5202.637377
c4-w1-r1,4,1,1,47e4fb00-fbb4-4487-b37d-470421d673eb,9274bc4f-84a4-45bd-bf20-f1f49d56f087,SUCCEEDED,13958188709,19361206842,5403.018133
c4-w1-r1,4,1,1,47e4fb00-fbb4-4487-b37d-470421d673eb,7377c0b1-2564-4efb-a616-6f28c6284345,SUCCEEDED,13963360964,19595066594,5631.70563
c4-w1-r1,4,1,1,47e4fb00-fbb4-4487-b37d-470421d673eb,c0c54991-c5bc-483d-850d-a66616b6d6b4,SUCCEEDED,18971069351,24501329458,5530.260107
c4-w1-r1,4,1,1,47e4fb00-fbb4-4487-b37d-470421d673eb,15115565-20d7-425e-b694-e12ce0d4e3c4,SUCCEEDED,19219313969,24731112908,5511.798939
c4-w1-r1,4,1,1,47e4fb00-fbb4-4487-b37d-470421d673eb,be63a7d9-f60d-4270-98a3-c36b68151779,SUCCEEDED,19430616204,24950781974,5520.16577
c4-w1-r1,4,1,1,47e4fb00-fbb4-4487-b37d-470421d673eb,2b751f41-5778-46e8-ad10-983fc78378b1,SUCCEEDED,19638652295,25168617367,5529.965072
c4-w1-r1,4,1,1,47e4fb00-fbb4-4487-b37d-470421d673eb,70d9a241-c185-4943-a72c-1fe79603a03b,SUCCEEDED,24540794126,30017027625,5476.233499
c4-w1-r1,4,1,1,47e4fb00-fbb4-4487-b37d-470421d673eb,490a90dd-8062-4f6b-a88d-93c65f2c1444,SUCCEEDED,24784399335,30233287302,5448.887967
c4-w1-r1,4,1,1,47e4fb00-fbb4-4487-b37d-470421d673eb,75249db8-58ef-4ef2-ba9a-b289a3fe35cf,SUCCEEDED,25003109358,30453236849,5450.127491
c4-w1-r1,4,1,1,47e4fb00-fbb4-4487-b37d-470421d673eb,a8178d0e-7fab-4fa0-9ed8-2c0679f046cf,SUCCEEDED,25250271592,30672615929,5422.344337
c4-w1-r1,4,1,1,47e4fb00-fbb4-4487-b37d-470421d673eb,8959fc0a-01fb-450c-9e72-6b702d2e0d08,SUCCEEDED,30074741123,35518957786,5444.216663
c4-w1-r1,4,1,1,47e4fb00-fbb4-4487-b37d-470421d673eb,647e3589-dc7c-417a-b815-82b10f66b295,SUCCEEDED,30265040880,35746251452,5481.210572
c4-w1-r1,4,1,1,47e4fb00-fbb4-4487-b37d-470421d673eb,cb76cc61-c7d3-4d45-aaf0-954ab9700991,SUCCEEDED,30518734505,35962150564,5443.416059
c4-w1-r1,4,1,1,47e4fb00-fbb4-4487-b37d-470421d673eb,2b17b713-0d25-4d73-b005-7256e3f8c3f8,SUCCEEDED,30727963985,36177512505,5449.54852
c4-w1-r1,4,1,1,47e4fb00-fbb4-4487-b37d-470421d673eb,5e703e94-a0b3-40ce-b834-2add437d4c14,SUCCEEDED,35558324557,40981274191,5422.949634
c4-w1-r1,4,1,1,47e4fb00-fbb4-4487-b37d-470421d673eb,e83057d7-01f1-453b-a2e4-eeb7003d4de1,SUCCEEDED,35822855067,41203708507,5380.85344
c4-w1-r1,4,1,1,47e4fb00-fbb4-4487-b37d-470421d673eb,8d75d650-ea47-4d3d-9967-439bb63e74e6,SUCCEEDED,36037702263,41429038104,5391.335841
c4-w1-r1,4,1,1,47e4fb00-fbb4-4487-b37d-470421d673eb,aa6e920e-7a4c-4907-84cd-d7b6f60fcdbe,SUCCEEDED,36215914827,41645516413,5429.601586
c4-w1-r1,4,1,1,47e4fb00-fbb4-4487-b37d-470421d673eb,da01670b-ec92-438e-a7d0-afb291e36d59,SUCCEEDED,41032954833,46421245755,5388.290922
c4-w1-r1,4,1,1,47e4fb00-fbb4-4487-b37d-470421d673eb,d1aba44e-3753-46b5-ac90-0150eb8d5534,SUCCEEDED,41281669239,46632688789,5351.01955
c4-w1-r1,4,1,1,47e4fb00-fbb4-4487-b37d-470421d673eb,8c6b4f3c-0cbd-43ca-b702-1a13d8b91d9d,SUCCEEDED,41499484530,46847700443,5348.215913
c4-w1-r1,4,1,1,47e4fb00-fbb4-4487-b37d-470421d673eb,2f170590-8032-41ab-9001-147019679792,SUCCEEDED,41729980159,47070128727,5340.148568
c4-w1-r2,4,1,2,067f7700-ae0e-4641-a820-39e98549c285,d317dd59-9a75-41c4-b6ff-7ac19f963e00,SUCCEEDED,13950572365,18964849215,5014.27685
c4-w1-r2,4,1,2,067f7700-ae0e-4641-a820-39e98549c285,16739433-bb98-4161-8740-dce448bc92ba,SUCCEEDED,13965611194,19187945611,5222.334417
c4-w1-r2,4,1,2,067f7700-ae0e-4641-a820-39e98549c285,fa7b8bac-85b4-4ff5-a4e6-2ea9e2a873e7,SUCCEEDED,13981175411,19411279565,5430.104154
c4-w1-r2,4,1,2,067f7700-ae0e-4641-a820-39e98549c285,4f42d288-56b0-4abb-8ca3-dca7d9e2e445,SUCCEEDED,13996232886,19638695157,5642.462271
c4-w1-r2,4,1,2,067f7700-ae0e-4641-a820-39e98549c285,17fd91a2-793f-45cf-9646-7c5bcb369af7,SUCCEEDED,19035559833,24518030926,5482.471093
c4-w1-r2,4,1,2,067f7700-ae0e-4641-a820-39e98549c285,c5f80edc-af8b-4a46-9c9a-fa8b36e7b8be,SUCCEEDED,19238038822,24744110465,5506.071643
c4-w1-r2,4,1,2,067f7700-ae0e-4641-a820-39e98549c285,a1d55125-e83c-4fa8-8cfe-4220fabc2705,SUCCEEDED,19457755877,24966878202,5509.122325
c4-w1-r2,4,1,2,067f7700-ae0e-4641-a820-39e98549c285,6e43ea3a-a07e-4f49-8269-3b3b6f20d3b1,SUCCEEDED,19697605227,25187034254,5489.429027
c4-w1-r2,4,1,2,067f7700-ae0e-4641-a820-39e98549c285,a9de6392-4bc1-4634-a8f9-f1f589944f5b,SUCCEEDED,24588529050,30050606572,5462.077522
c4-w1-r2,4,1,2,067f7700-ae0e-4641-a820-39e98549c285,aaac82ab-ae8b-47ec-9b76-4847cb785c0a,SUCCEEDED,24788408225,30266866907,5478.458682
c4-w1-r2,4,1,2,067f7700-ae0e-4641-a820-39e98549c285,87c25aaf-f11e-42ea-9e77-0f626bf6beaa,SUCCEEDED,25013708671,30502519392,5488.810721
c4-w1-r2,4,1,2,067f7700-ae0e-4641-a820-39e98549c285,d8dbe947-918c-4ef9-9d91-e9d7b14e40d8,SUCCEEDED,25262246254,30727225542,5464.979288
c4-w1-r2,4,1,2,067f7700-ae0e-4641-a820-39e98549c285,be126342-a680-4a9b-9349-3071784999c6,SUCCEEDED,30129765624,35533647298,5403.881674
c4-w1-r2,4,1,2,067f7700-ae0e-4641-a820-39e98549c285,53bc06e4-b8fe-4ce3-97d1-59fe06367635,SUCCEEDED,30317668339,35752032835,5434.364496
c4-w1-r2,4,1,2,067f7700-ae0e-4641-a820-39e98549c285,a1f41257-6b45-4d79-9742-728dabfff6b9,SUCCEEDED,30547525179,35968694798,5421.169619
c4-w1-r2,4,1,2,067f7700-ae0e-4641-a820-39e98549c285,30c57bbe-7690-41f4-9161-fbea40b7030d,SUCCEEDED,30811013567,36189729863,5378.716296
c4-w1-r2,4,1,2,067f7700-ae0e-4641-a820-39e98549c285,78d9f9f3-214a-4347-ad50-f7fc0057383d,SUCCEEDED,35585797976,41022096911,5436.298935
c4-w1-r2,4,1,2,067f7700-ae0e-4641-a820-39e98549c285,a25f3320-1944-41dd-bdb9-459c8be5ce2d,SUCCEEDED,35837644269,41237597691,5399.953422
c4-w1-r2,4,1,2,067f7700-ae0e-4641-a820-39e98549c285,84140158-1996-44e0-909c-d9b1d886101a,SUCCEEDED,35997745080,41463376428,5465.631348
c4-w1-r2,4,1,2,067f7700-ae0e-4641-a820-39e98549c285,b4c44f11-dbfb-4f53-abff-d3c5f7ecd258,SUCCEEDED,36239330934,41673773689,5434.442755
c4-w1-r2,4,1,2,067f7700-ae0e-4641-a820-39e98549c285,9013e011-7a1b-4e4c-ac5e-ff87c9caf477,SUCCEEDED,41076842305,46496635385,5419.79308
c4-w1-r2,4,1,2,067f7700-ae0e-4641-a820-39e98549c285,7c1bec20-373e-4455-8290-f46705e9fea1,SUCCEEDED,41279219332,46717799045,5438.579713
c4-w1-r2,4,1,2,067f7700-ae0e-4641-a820-39e98549c285,00ac45a5-b768-4a99-b62a-3034a4fbc21b,SUCCEEDED,41533455520,46942478959,5409.023439
c4-w1-r2,4,1,2,067f7700-ae0e-4641-a820-39e98549c285,80ecf9a5-ae26-47e2-b8a3-ac4772d02c0d,SUCCEEDED,41755457331,47160074301,5404.61697
c4-w1-r3,4,1,3,37f48e02-bafa-464d-a630-3816c991d311,0e825bf2-19b6-4aa0-bd28-542cba07f43e,SUCCEEDED,13886139394,18884162630,4998.023236
c4-w1-r3,4,1,3,37f48e02-bafa-464d-a630-3816c991d311,cd677a77-711e-4465-bd75-821bdd0ca933,SUCCEEDED,13900765695,19106696603,5205.930908
c4-w1-r3,4,1,3,37f48e02-bafa-464d-a630-3816c991d311,079d6ee6-06e1-430f-a69b-f17ab93de43b,SUCCEEDED,13916099077,19329201558,5413.102481
c4-w1-r3,4,1,3,37f48e02-bafa-464d-a630-3816c991d311,ed8c1690-8d4c-4c00-8868-ab062f394b7d,SUCCEEDED,13932668532,19554638855,5621.970323
c4-w1-r3,4,1,3,37f48e02-bafa-464d-a630-3816c991d311,13836222-b73c-409a-a2e8-b324d0d43715,SUCCEEDED,18940112130,24482665176,5542.553046
c4-w1-r3,4,1,3,37f48e02-bafa-464d-a630-3816c991d311,35126d32-aa7a-48cd-a436-fca1526e5e41,SUCCEEDED,19166426834,24711312529,5544.885695
c4-w1-r3,4,1,3,37f48e02-bafa-464d-a630-3816c991d311,50974858-5405-4e14-97e7-7f653a6a4623,SUCCEEDED,19420737212,24929600400,5508.863188
c4-w1-r3,4,1,3,37f48e02-bafa-464d-a630-3816c991d311,2a9a688c-6158-4d86-8263-9a9a05ea98db,SUCCEEDED,19638480548,25147737739,5509.257191
c4-w1-r3,4,1,3,37f48e02-bafa-464d-a630-3816c991d311,8b99c0ed-edb0-40aa-81f8-0fd5445d87e3,SUCCEEDED,24563198286,29984455749,5421.257463
c4-w1-r3,4,1,3,37f48e02-bafa-464d-a630-3816c991d311,be77f9d9-446f-4b41-b0d2-3268d1bc8e9b,SUCCEEDED,24763936362,30204141906,5440.205544
c4-w1-r3,4,1,3,37f48e02-bafa-464d-a630-3816c991d311,0bca9e84-f9fc-4ffa-a0fd-45a22089f7fb,SUCCEEDED,25012610409,30426369769,5413.75936
c4-w1-r3,4,1,3,37f48e02-bafa-464d-a630-3816c991d311,f6c1a399-7340-4510-a7a3-0162a6947f3d,SUCCEEDED,25191730493,30642652647,5450.922154
c4-w1-r3,4,1,3,37f48e02-bafa-464d-a630-3816c991d311,343e6082-7563-4bff-a80c-00c0b8889680,SUCCEEDED,30062724914,35482031561,5419.306647
c4-w1-r3,4,1,3,37f48e02-bafa-464d-a630-3816c991d311,ab37f2dd-a7db-4edd-ae86-af8105851254,SUCCEEDED,30292497164,35712864626,5420.367462
c4-w1-r3,4,1,3,37f48e02-bafa-464d-a630-3816c991d311,3e255d5b-d7e4-4b3e-9ef1-ac8b3ac40e99,SUCCEEDED,30476717534,35928696263,5451.978729
c4-w1-r3,4,1,3,37f48e02-bafa-464d-a630-3816c991d311,72a23d56-3ca6-4236-9343-6b0e0de23f40,SUCCEEDED,30708598190,36153658225,5445.060035
c4-w1-r3,4,1,3,37f48e02-bafa-464d-a630-3816c991d311,30bed6a4-3104-488d-b3c6-503156217e86,SUCCEEDED,35536437918,41037043238,5500.60532
c4-w1-r3,4,1,3,37f48e02-bafa-464d-a630-3816c991d311,fa07d583-34aa-40e3-aca5-e94b8b1cb611,SUCCEEDED,35754150567,41259152018,5505.001451
c4-w1-r3,4,1,3,37f48e02-bafa-464d-a630-3816c991d311,e5107c64-d0e4-43fa-9863-63168606cf1f,SUCCEEDED,35959253375,41478063954,5518.810579
c4-w1-r3,4,1,3,37f48e02-bafa-464d-a630-3816c991d311,db6d74bf-0ba3-4a1f-8459-3e94030044dc,SUCCEEDED,36199616673,41691878645,5492.261972
c4-w1-r3,4,1,3,37f48e02-bafa-464d-a630-3816c991d311,7d3923e5-c207-41fb-9d4e-a8a9372b0b60,SUCCEEDED,41120970475,46481245876,5360.275401
c4-w1-r3,4,1,3,37f48e02-bafa-464d-a630-3816c991d311,2a41736a-9944-40b0-acf2-8ebea0ab81cd,SUCCEEDED,41351879346,46703274408,5351.395062
c4-w1-r3,4,1,3,37f48e02-bafa-464d-a630-3816c991d311,0c592c1d-0753-4bbc-bc84-b81c1950448c,SUCCEEDED,41530118534,46929153704,5399.03517
c4-w1-r3,4,1,3,37f48e02-bafa-464d-a630-3816c991d311,b00ef853-e5a9-4309-ae28-8580d202a7c7,SUCCEEDED,41784104291,47167215885,5383.111594
c4-w1-r4,4,1,4,f3035f06-672d-40c2-b21e-3f5be9082750,983e24e1-9f8c-4b1c-9c57-7eb49b87e9ad,SUCCEEDED,13990104760,18972463740,4982.35898
c4-w1-r4,4,1,4,f3035f06-672d-40c2-b21e-3f5be9082750,ad7a6813-6214-4569-b918-9b9ebe2d59e4,SUCCEEDED,13997138118,19204886960,5207.748842
c4-w1-r4,4,1,4,f3035f06-672d-40c2-b21e-3f5be9082750,7378b9b7-7bdf-4a6b-b9b5-62ce2cac15c7,SUCCEEDED,14003745969,19432296234,5428.550265
c4-w1-r4,4,1,4,f3035f06-672d-40c2-b21e-3f5be9082750,f2237ac3-934f-4629-9769-1a69abcaf29b,SUCCEEDED,14011401909,19658760229,5647.35832
c4-w1-r4,4,1,4,f3035f06-672d-40c2-b21e-3f5be9082750,9c01fcbf-8281-4075-95d2-3d047b43f6c8,SUCCEEDED,19000474296,24522899563,5522.425267
c4-w1-r4,4,1,4,f3035f06-672d-40c2-b21e-3f5be9082750,d68bc801-8c73-41b2-ad4b-2666518ee4a0,SUCCEEDED,19270207977,24748350994,5478.143017
c4-w1-r4,4,1,4,f3035f06-672d-40c2-b21e-3f5be9082750,ac841c7b-6b14-490f-bb5d-9455457ce8aa,SUCCEEDED,19486818751,24968559025,5481.740274
c4-w1-r4,4,1,4,f3035f06-672d-40c2-b21e-3f5be9082750,7efbd8ab-30e2-4e12-8bfa-7467b56c8522,SUCCEEDED,19702440815,25186242679,5483.801864
c4-w1-r4,4,1,4,f3035f06-672d-40c2-b21e-3f5be9082750,05294bec-8a34-4d8c-b735-f3f2a160e7ea,SUCCEEDED,24572327995,30045603955,5473.27596
c4-w1-r4,4,1,4,f3035f06-672d-40c2-b21e-3f5be9082750,a0955d3e-f7d2-445f-bc95-b356d83f1e15,SUCCEEDED,24814485516,30270325820,5455.840304
c4-w1-r4,4,1,4,f3035f06-672d-40c2-b21e-3f5be9082750,2d492264-cce2-4041-9bc5-bcbd40e1db54,SUCCEEDED,25019230072,30495635398,5476.405326
c4-w1-r4,4,1,4,f3035f06-672d-40c2-b21e-3f5be9082750,f66627da-3345-402c-9b76-b5d49b5d5fd4,SUCCEEDED,25267141766,30718324907,5451.183141
c4-w1-r4,4,1,4,f3035f06-672d-40c2-b21e-3f5be9082750,3da5e55a-64d2-4f65-b334-6baf05ba176d,SUCCEEDED,30092118331,35548790390,5456.672059
c4-w1-r4,4,1,4,f3035f06-672d-40c2-b21e-3f5be9082750,da9f53c0-4c8c-45f6-8e18-7c7c4d6b6f73,SUCCEEDED,30311367996,35768626525,5457.258529
c4-w1-r4,4,1,4,f3035f06-672d-40c2-b21e-3f5be9082750,1f15184b-3ae6-49db-a03d-41849ceeab0c,SUCCEEDED,30572428268,35990503316,5418.075048
c4-w1-r4,4,1,4,f3035f06-672d-40c2-b21e-3f5be9082750,1a6a3903-bffb-40d1-939c-df9b6a0c88a9,SUCCEEDED,30789501355,36212371533,5422.870178
c4-w1-r4,4,1,4,f3035f06-672d-40c2-b21e-3f5be9082750,15970c34-f16f-4f93-924f-dedba8932d9e,SUCCEEDED,35616649699,41085039107,5468.389408
c4-w1-r4,4,1,4,f3035f06-672d-40c2-b21e-3f5be9082750,e481da90-6e13-4772-b1da-4700d1e7b599,SUCCEEDED,35841914614,41307615263,5465.700649
c4-w1-r4,4,1,4,f3035f06-672d-40c2-b21e-3f5be9082750,970b4c9a-3cc9-44ad-8e5f-e7c97f814aca,SUCCEEDED,36042980293,41527185204,5484.204911
c4-w1-r4,4,1,4,f3035f06-672d-40c2-b21e-3f5be9082750,43aa0d1b-38fb-4bd1-9873-7acc13c45d95,SUCCEEDED,36289634391,41740664036,5451.029645
c4-w1-r4,4,1,4,f3035f06-672d-40c2-b21e-3f5be9082750,767da684-a2df-40e7-b9b4-7fe1850716ab,SUCCEEDED,41158163165,46581038734,5422.875569
c4-w1-r4,4,1,4,f3035f06-672d-40c2-b21e-3f5be9082750,bde01989-472d-4317-8183-0c63ebd7c55c,SUCCEEDED,41391091417,46799223863,5408.132446
c4-w1-r4,4,1,4,f3035f06-672d-40c2-b21e-3f5be9082750,3dcb9e4a-646c-4cd0-ade0-ea730dda938f,SUCCEEDED,41609424383,47016822314,5407.397931
c4-w1-r4,4,1,4,f3035f06-672d-40c2-b21e-3f5be9082750,413517cc-5df4-4c18-9cf3-6fd95ac9f0cf,SUCCEEDED,41795419317,47236099021,5440.679704
c4-w1-r5,4,1,5,73c457f8-5743-4836-8d14-5695f5033efe,dc431af1-52f3-46dc-aad6-eac062c6faf1,SUCCEEDED,14010604294,18993660424,4983.05613
c4-w1-r5,4,1,5,73c457f8-5743-4836-8d14-5695f5033efe,aa5d05db-f43c-473c-8119-f2e1052bb52f,SUCCEEDED,14015883262,19228896039,5213.012777
c4-w1-r5,4,1,5,73c457f8-5743-4836-8d14-5695f5033efe,817b95ce-c4ae-40eb-9944-650f78a011ec,SUCCEEDED,14041940054,19469973118,5428.033064
c4-w1-r5,4,1,5,73c457f8-5743-4836-8d14-5695f5033efe,4e1ce761-318c-4206-8056-c822d79900b8,SUCCEEDED,14047662911,19725916316,5678.253405
c4-w1-r5,4,1,5,73c457f8-5743-4836-8d14-5695f5033efe,ffebdb66-d032-4953-8ebe-034d432b46f9,SUCCEEDED,19044780426,24584150052,5539.369626
c4-w1-r5,4,1,5,73c457f8-5743-4836-8d14-5695f5033efe,520ca2f2-6b53-40bc-b7f6-7b61f996ae10,SUCCEEDED,19307176845,24813664418,5506.487573
c4-w1-r5,4,1,5,73c457f8-5743-4836-8d14-5695f5033efe,70f6aa8d-c2a5-479a-8a9b-dc5644fbfcb5,SUCCEEDED,19534700718,25037096176,5502.395458
c4-w1-r5,4,1,5,73c457f8-5743-4836-8d14-5695f5033efe,1c071e95-e129-4acc-b47f-bd402b390360,SUCCEEDED,19779121935,25259169480,5480.047545
c4-w1-r5,4,1,5,73c457f8-5743-4836-8d14-5695f5033efe,0623d7c8-3f94-4667-8f49-4d2034053ce0,SUCCEEDED,24669308291,30101157830,5431.849539
c4-w1-r5,4,1,5,73c457f8-5743-4836-8d14-5695f5033efe,3ac45ff3-23a7-4a97-9191-e5b9a65ab9de,SUCCEEDED,24900868073,30329153028,5428.284955
c4-w1-r5,4,1,5,73c457f8-5743-4836-8d14-5695f5033efe,25cc79a4-1652-446d-af9b-5a48ff37cfd7,SUCCEEDED,25119146812,30554286243,5435.139431
c4-w1-r5,4,1,5,73c457f8-5743-4836-8d14-5695f5033efe,f34076e0-b964-463b-9991-fd7f865eef5c,SUCCEEDED,25328804743,30781437767,5452.633024
c4-w1-r5,4,1,5,73c457f8-5743-4836-8d14-5695f5033efe,e7f89776-f572-42b7-8559-94dab4a29c81,SUCCEEDED,30144756629,35608421389,5463.66476
c4-w1-r5,4,1,5,73c457f8-5743-4836-8d14-5695f5033efe,3fe0a6e3-6b29-4e7f-86e9-d06c449a2235,SUCCEEDED,30407505989,35840489346,5432.983357
c4-w1-r5,4,1,5,73c457f8-5743-4836-8d14-5695f5033efe,9773c895-c1ad-49db-9667-d081408b117a,SUCCEEDED,30642781978,36055912334,5413.130356
c4-w1-r5,4,1,5,73c457f8-5743-4836-8d14-5695f5033efe,408b7c78-56a2-49dc-80b6-7fd16ca8dff4,SUCCEEDED,30841972822,36274651492,5432.67867
c4-w1-r5,4,1,5,73c457f8-5743-4836-8d14-5695f5033efe,1b962f1f-8f1a-423d-b95d-d0034b63fdbc,SUCCEEDED,35701598054,41095922001,5394.323947
c4-w1-r5,4,1,5,73c457f8-5743-4836-8d14-5695f5033efe,23bb6bee-4f60-4c7c-a34f-0c9469160a48,SUCCEEDED,35934445225,41307377105,5372.93188
c4-w1-r5,4,1,5,73c457f8-5743-4836-8d14-5695f5033efe,e4b0acf0-eed5-4070-82d0-22368ace2174,SUCCEEDED,36103486455,41529430934,5425.944479
c4-w1-r5,4,1,5,73c457f8-5743-4836-8d14-5695f5033efe,e5dff5e9-14fd-4c2e-8b96-6b1f7f3590a9,SUCCEEDED,36328620363,41749419487,5420.799124
c4-w1-r5,4,1,5,73c457f8-5743-4836-8d14-5695f5033efe,da0f70d0-093c-4394-9a58-404ada60134c,SUCCEEDED,41137867485,46555339136,5417.471651
c4-w1-r5,4,1,5,73c457f8-5743-4836-8d14-5695f5033efe,cf4117cc-d64d-4975-b9e4-f0b6f4e2a29e,SUCCEEDED,41364758264,46775928820,5411.170556
c4-w1-r5,4,1,5,73c457f8-5743-4836-8d14-5695f5033efe,9a8a258e-4aff-4052-a6a6-27c4841a0a68,SUCCEEDED,41583023761,46988912776,5405.889015
c4-w1-r5,4,1,5,73c457f8-5743-4836-8d14-5695f5033efe,6bf4200b-8778-4ffc-aa69-d909eec57dad,SUCCEEDED,41822512013,47208980108,5386.468095
c4-w2-r1,4,2,1,abb6d49e-18f5-401c-8802-2f8d484ddf62,4bfb1673-860e-48ac-ad91-76be4b9810bd,SUCCEEDED,13673341924,16365082786,2691.740862
c4-w2-r1,4,2,1,abb6d49e-18f5-401c-8802-2f8d484ddf62,97e6c0db-522d-4f36-8480-fb34c5c7f784,SUCCEEDED,13679230902,16385398384,2706.167482
c4-w2-r1,4,2,1,abb6d49e-18f5-401c-8802-2f8d484ddf62,3a4f4914-c0b5-4344-a26a-1f36afe8d4a3,SUCCEEDED,13686973212,16601158901,2914.185689
c4-w2-r1,4,2,1,abb6d49e-18f5-401c-8802-2f8d484ddf62,45e46ade-ccb1-4a8c-a6ed-d1700bb65313,SUCCEEDED,13693199378,16626203405,2933.004027
c4-w2-r1,4,2,1,abb6d49e-18f5-401c-8802-2f8d484ddf62,cc8cc59e-5a10-45b2-8318-4c3fcff6fce0,SUCCEEDED,16412140341,19242667027,2830.526686
c4-w2-r1,4,2,1,abb6d49e-18f5-401c-8802-2f8d484ddf62,fdc73ba5-c8e7-4193-94cb-112d3aaf2941,SUCCEEDED,16447611103,19335503556,2887.892453
c4-w2-r1,4,2,1,abb6d49e-18f5-401c-8802-2f8d484ddf62,bd4b7f77-a905-4c7e-9b31-b9c4928993a2,SUCCEEDED,16632033179,19473200904,2841.167725
c4-w2-r1,4,2,1,abb6d49e-18f5-401c-8802-2f8d484ddf62,4838bc45-e6db-4222-be06-02deeb0439a9,SUCCEEDED,16705103637,19561866926,2856.763289
c4-w2-r1,4,2,1,abb6d49e-18f5-401c-8802-2f8d484ddf62,447f4436-a7e4-4aca-8d38-65c8aa71b5e8,SUCCEEDED,19302530386,22132625189,2830.094803
c4-w2-r1,4,2,1,abb6d49e-18f5-401c-8802-2f8d484ddf62,69059074-a754-4b3e-9c56-e89fb0102cda,SUCCEEDED,19368690479,22230666670,2861.976191
c4-w2-r1,4,2,1,abb6d49e-18f5-401c-8802-2f8d484ddf62,fad62d0b-802d-4fe9-9ec4-ad0898e85b20,SUCCEEDED,19536881262,22360185243,2823.303981
c4-w2-r1,4,2,1,abb6d49e-18f5-401c-8802-2f8d484ddf62,b138152c-4f99-439d-babe-a9c8f7ba8f2a,SUCCEEDED,19645679656,22458623218,2812.943562
c4-w2-r1,4,2,1,abb6d49e-18f5-401c-8802-2f8d484ddf62,f1156845-82db-4914-8125-cb281c390146,SUCCEEDED,22181852407,24978766666,2796.914259
c4-w2-r1,4,2,1,abb6d49e-18f5-401c-8802-2f8d484ddf62,95920d86-ce46-443d-a60c-d6ccadf2adba,SUCCEEDED,22281376647,25053522270,2772.145623
c4-w2-r1,4,2,1,abb6d49e-18f5-401c-8802-2f8d484ddf62,b0626e52-2a2d-442e-aa49-1b8fd878d87d,SUCCEEDED,22436326415,25206825147,2770.498732
c4-w2-r1,4,2,1,abb6d49e-18f5-401c-8802-2f8d484ddf62,1b95a81b-7f0a-497e-9c2a-e86e30792858,SUCCEEDED,22526861170,25290630740,2763.76957
c4-w2-r1,4,2,1,abb6d49e-18f5-401c-8802-2f8d484ddf62,3b21e870-547f-4311-afd6-6245ab704395,SUCCEEDED,25023813065,27841976994,2818.163929
c4-w2-r1,4,2,1,abb6d49e-18f5-401c-8802-2f8d484ddf62,d6c3456f-9e81-4681-ae67-b6cb7238caa8,SUCCEEDED,25080461137,27907907720,2827.446583
c4-w2-r1,4,2,1,abb6d49e-18f5-401c-8802-2f8d484ddf62,2711a9e8-b636-4771-8f71-a1a5eae28651,SUCCEEDED,25268367313,28079599681,2811.232368
c4-w2-r1,4,2,1,abb6d49e-18f5-401c-8802-2f8d484ddf62,847b7505-0855-445b-abcd-24e5361ebff2,SUCCEEDED,25345758922,28139198121,2793.439199
c4-w2-r1,4,2,1,abb6d49e-18f5-401c-8802-2f8d484ddf62,e4152973-d56f-44a6-9d0a-f3c2a31c03b7,SUCCEEDED,27912981146,30700024256,2787.04311
c4-w2-r1,4,2,1,abb6d49e-18f5-401c-8802-2f8d484ddf62,a8479722-b587-4f8c-b4da-b681306b714f,SUCCEEDED,27963541174,30719405832,2755.864658
c4-w2-r1,4,2,1,abb6d49e-18f5-401c-8802-2f8d484ddf62,f05812a3-ed08-4018-a71e-f185f6c2ed08,SUCCEEDED,28159894864,30921662423,2761.767559
c4-w2-r1,4,2,1,abb6d49e-18f5-401c-8802-2f8d484ddf62,58bfce34-2b62-4868-abf1-185f34281c00,SUCCEEDED,28221955337,30944618493,2722.663156
c4-w2-r2,4,2,2,5d23a1f2-ebda-4df9-b9f2-96a1ffa97cf1,a4c8c447-79d0-4444-a5cd-60b1e4a97077,SUCCEEDED,14215116590,17005792349,2790.675759
c4-w2-r2,4,2,2,5d23a1f2-ebda-4df9-b9f2-96a1ffa97cf1,05650353-955a-4e97-bf42-3ad0c8a6ad4d,SUCCEEDED,14223660978,17053980310,2830.319332
c4-w2-r2,4,2,2,5d23a1f2-ebda-4df9-b9f2-96a1ffa97cf1,cb80b573-ecaa-4342-abe4-f9291119ce87,SUCCEEDED,14231653575,17252256993,3020.603418
c4-w2-r2,4,2,2,5d23a1f2-ebda-4df9-b9f2-96a1ffa97cf1,4e659daf-2f4d-43c9-a4d2-40ca3492e738,SUCCEEDED,14239529197,17298856702,3059.327505
c4-w2-r2,4,2,2,5d23a1f2-ebda-4df9-b9f2-96a1ffa97cf1,f4ff5799-f1f0-488c-b1e7-80b7a7382c4b,SUCCEEDED,17054479123,19988109919,2933.630796
c4-w2-r2,4,2,2,5d23a1f2-ebda-4df9-b9f2-96a1ffa97cf1,d16a8c07-a5f5-4218-b7a4-2b827867437f,SUCCEEDED,17089899008,20044536451,2954.637443
c4-w2-r2,4,2,2,5d23a1f2-ebda-4df9-b9f2-96a1ffa97cf1,94cec89d-c782-427e-9f74-4328b9bad8c4,SUCCEEDED,17342499622,20232756234,2890.256612
c4-w2-r2,4,2,2,5d23a1f2-ebda-4df9-b9f2-96a1ffa97cf1,b792b977-01e7-4827-a926-d883a7e085c3,SUCCEEDED,17386496916,20270326228,2883.829312
c4-w2-r2,4,2,2,5d23a1f2-ebda-4df9-b9f2-96a1ffa97cf1,06948aa2-3c0f-4005-8087-c289769956ed,SUCCEEDED,20044944441,22858602538,2813.658097
c4-w2-r2,4,2,2,5d23a1f2-ebda-4df9-b9f2-96a1ffa97cf1,7303c07a-7923-43a9-a7ef-1efd0aba3f44,SUCCEEDED,20093633325,22884410327,2790.777002
c4-w2-r2,4,2,2,5d23a1f2-ebda-4df9-b9f2-96a1ffa97cf1,a872ae9d-70ae-4e5a-ab9a-df17d5cfea4c,SUCCEEDED,20289700313,23082695508,2792.995195
c4-w2-r2,4,2,2,5d23a1f2-ebda-4df9-b9f2-96a1ffa97cf1,ae8ae0e4-de5b-43cc-a6b6-7d313ad06495,SUCCEEDED,20355552753,23105172904,2749.620151
c4-w2-r2,4,2,2,5d23a1f2-ebda-4df9-b9f2-96a1ffa97cf1,8810b8a8-a036-4e5a-abc6-9ca0af7f8865,SUCCEEDED,22911406501,25694697709,2783.291208
c4-w2-r2,4,2,2,5d23a1f2-ebda-4df9-b9f2-96a1ffa97cf1,60329b3e-32ae-41fd-b3f8-d096ea5624d6,SUCCEEDED,22972760994,25735053105,2762.292111
c4-w2-r2,4,2,2,5d23a1f2-ebda-4df9-b9f2-96a1ffa97cf1,5d0d5791-14ba-4855-8fc3-d31ab50bc3db,SUCCEEDED,23157673910,25929476680,2771.80277
c4-w2-r2,4,2,2,5d23a1f2-ebda-4df9-b9f2-96a1ffa97cf1,1924ec82-7739-48c3-8fe7-09dbb2d8812b,SUCCEEDED,23163752099,25963113920,2799.361821
c4-w2-r2,4,2,2,5d23a1f2-ebda-4df9-b9f2-96a1ffa97cf1,765db884-9a88-42fa-8c4b-568b2b0249d4,SUCCEEDED,25732685041,28579545117,2846.860076
c4-w2-r2,4,2,2,5d23a1f2-ebda-4df9-b9f2-96a1ffa97cf1,05972683-828b-4a4c-a5e2-d15570bab69e,SUCCEEDED,25786344926,28610341832,2823.996906
c4-w2-r2,4,2,2,5d23a1f2-ebda-4df9-b9f2-96a1ffa97cf1,0fcb5de6-48fb-4c2c-b952-6ecf78f57c37,SUCCEEDED,25986452794,28815842726,2829.389932
c4-w2-r2,4,2,2,5d23a1f2-ebda-4df9-b9f2-96a1ffa97cf1,ca124977-4c64-4762-93a5-6ce0da5d8ff4,SUCCEEDED,26016057806,28838783574,2822.725768
c4-w2-r2,4,2,2,5d23a1f2-ebda-4df9-b9f2-96a1ffa97cf1,5263d562-cc33-4e17-a4e3-fdf9627d1558,SUCCEEDED,28633333387,31390365421,2757.032034
c4-w2-r2,4,2,2,5d23a1f2-ebda-4df9-b9f2-96a1ffa97cf1,cc6259d8-e024-4a55-9814-a4db05c4d7a5,SUCCEEDED,28710330951,31415657256,2705.326305
c4-w2-r2,4,2,2,5d23a1f2-ebda-4df9-b9f2-96a1ffa97cf1,6d877969-e982-454d-97d6-6a45fbefc94d,SUCCEEDED,28878474060,31622269426,2743.795366
c4-w2-r2,4,2,2,5d23a1f2-ebda-4df9-b9f2-96a1ffa97cf1,2b9d6e2e-8b85-496e-a84f-62b14f5c3f03,SUCCEEDED,28924343690,31641864850,2717.52116
c4-w2-r3,4,2,3,8bb23b90-dcbd-4d33-9682-3ed51944a604,c4dc66d4-729d-4c79-bb8a-a1c0c157ca05,SUCCEEDED,13471940523,16175098391,2703.157868
c4-w2-r3,4,2,3,8bb23b90-dcbd-4d33-9682-3ed51944a604,8f39b63e-99b7-40a9-9578-64679765a36a,SUCCEEDED,13501806836,16200373644,2698.566808
c4-w2-r3,4,2,3,8bb23b90-dcbd-4d33-9682-3ed51944a604,7b07532c-7991-45c9-a15f-fa34725e1ad7,SUCCEEDED,13509198026,16408936650,2899.738624
c4-w2-r3,4,2,3,8bb23b90-dcbd-4d33-9682-3ed51944a604,c3ed9683-bff2-4374-b1bc-e9b2befb21a6,SUCCEEDED,13519276157,16440156938,2920.880781
c4-w2-r3,4,2,3,8bb23b90-dcbd-4d33-9682-3ed51944a604,083c616a-e40e-4b18-a724-78a41a5fae60,SUCCEEDED,16251821735,19042997598,2791.175863
c4-w2-r3,4,2,3,8bb23b90-dcbd-4d33-9682-3ed51944a604,b146e3dc-4adc-4931-b0d2-f3f8a6442602,SUCCEEDED,16258205400,19114776400,2856.571
c4-w2-r3,4,2,3,8bb23b90-dcbd-4d33-9682-3ed51944a604,df6ec734-1ea3-4d30-a6bd-59663075dcd6,SUCCEEDED,16482726212,19288403590,2805.677378
c4-w2-r3,4,2,3,8bb23b90-dcbd-4d33-9682-3ed51944a604,1ece2826-0370-4420-a759-d60611c50183,SUCCEEDED,16523808373,19355921986,2832.113613
c4-w2-r3,4,2,3,8bb23b90-dcbd-4d33-9682-3ed51944a604,4863d622-ce20-461f-80e6-67a3149623f1,SUCCEEDED,19133206281,21950289729,2817.083448
c4-w2-r3,4,2,3,8bb23b90-dcbd-4d33-9682-3ed51944a604,994eb6dd-17c7-45f3-9faa-4a4db1b38295,SUCCEEDED,19210610212,21997206666,2786.596454
c4-w2-r3,4,2,3,8bb23b90-dcbd-4d33-9682-3ed51944a604,ce6768f1-c990-4f87-b605-5d96b8af5550,SUCCEEDED,19357160566,22174308970,2817.148404
c4-w2-r3,4,2,3,8bb23b90-dcbd-4d33-9682-3ed51944a604,01f8563f-670d-4e41-91fc-c33ad9199c4c,SUCCEEDED,19409036473,22218121248,2809.084775
c4-w2-r3,4,2,3,8bb23b90-dcbd-4d33-9682-3ed51944a604,c5e60eb9-9db3-42e5-89d4-29e2890e72b2,SUCCEEDED,22020369242,24832055384,2811.686142
c4-w2-r3,4,2,3,8bb23b90-dcbd-4d33-9682-3ed51944a604,d7225a3e-4c8c-41a7-aa77-f805146a531f,SUCCEEDED,22050697143,24880692120,2829.994977
c4-w2-r3,4,2,3,8bb23b90-dcbd-4d33-9682-3ed51944a604,64dcd420-7457-4d4e-8c9f-fa5b3abcd697,SUCCEEDED,22243427690,25070068881,2826.641191
c4-w2-r3,4,2,3,8bb23b90-dcbd-4d33-9682-3ed51944a604,5560856f-6ed1-4ddf-8834-1547b145930d,SUCCEEDED,22272830784,25106607643,2833.776859
c4-w2-r3,4,2,3,8bb23b90-dcbd-4d33-9682-3ed51944a604,0096c491-6ee0-42d9-8645-f063c48c521c,SUCCEEDED,24868177913,27658983288,2790.805375
c4-w2-r3,4,2,3,8bb23b90-dcbd-4d33-9682-3ed51944a604,a6ff1c1b-3b78-470d-bea3-7c94781e0f01,SUCCEEDED,24944797378,27706228338,2761.43096
c4-w2-r3,4,2,3,8bb23b90-dcbd-4d33-9682-3ed51944a604,1051eed4-9a0d-4af2-8943-da034e5e1144,SUCCEEDED,25126771090,27893100157,2766.329067
c4-w2-r3,4,2,3,8bb23b90-dcbd-4d33-9682-3ed51944a604,82b1d9b0-1e33-4a1f-a4e6-f12efbbbfd02,SUCCEEDED,25172184761,27929723685,2757.538924
c4-w2-r3,4,2,3,8bb23b90-dcbd-4d33-9682-3ed51944a604,8082ee2c-c0ce-4a71-bcee-f407e4e992ad,SUCCEEDED,27740369012,30492555333,2752.186321
c4-w2-r3,4,2,3,8bb23b90-dcbd-4d33-9682-3ed51944a604,8e4b9090-8e2f-4761-803f-d5be4b7e8895,SUCCEEDED,27787160968,30542589474,2755.428506
c4-w2-r3,4,2,3,8bb23b90-dcbd-4d33-9682-3ed51944a604,d3b47096-f386-4045-917a-ceba16c18cfd,SUCCEEDED,27943411584,30725440317,2782.028733
c4-w2-r3,4,2,3,8bb23b90-dcbd-4d33-9682-3ed51944a604,4c958685-9eab-4e5d-9918-02435053cadd,SUCCEEDED,27987656164,30766792449,2779.136285
c4-w2-r4,4,2,4,e93191ae-e69c-4a5d-bc56-972e83228781,fa563321-e242-47f5-aded-81baabaf4868,SUCCEEDED,13608567311,16311468893,2702.901582
c4-w2-r4,4,2,4,e93191ae-e69c-4a5d-bc56-972e83228781,76c8a3c0-64a5-4bb3-bb2e-972e19e9f5fc,SUCCEEDED,13635388871,16330588969,2695.200098
c4-w2-r4,4,2,4,e93191ae-e69c-4a5d-bc56-972e83228781,2ba2eb3a-b74b-430f-b21b-cf9056192d4f,SUCCEEDED,13640202353,16545901265,2905.698912
c4-w2-r4,4,2,4,e93191ae-e69c-4a5d-bc56-972e83228781,ade8988b-2216-4031-973f-aee2602d8347,SUCCEEDED,13648119489,16569044177,2920.924688
c4-w2-r4,4,2,4,e93191ae-e69c-4a5d-bc56-972e83228781,8749d719-f86a-4e45-896d-d5d9bce83d50,SUCCEEDED,16352333445,19205515192,2853.181747
c4-w2-r4,4,2,4,e93191ae-e69c-4a5d-bc56-972e83228781,caf1aa8c-6cc4-4d79-9af6-de15634fee55,SUCCEEDED,16392323428,19241666377,2849.342949
c4-w2-r4,4,2,4,e93191ae-e69c-4a5d-bc56-972e83228781,b36a0359-d84b-48ed-bd77-80c2ee7d693d,SUCCEEDED,16601531178,19435967436,2834.436258
c4-w2-r4,4,2,4,e93191ae-e69c-4a5d-bc56-972e83228781,730f912c-2a92-4410-a1d6-62e8b64e9180,SUCCEEDED,16637615841,19476833770,2839.217929
c4-w2-r4,4,2,4,e93191ae-e69c-4a5d-bc56-972e83228781,80605c0c-3e64-4d2a-86ce-264bae989240,SUCCEEDED,19296171334,22060548843,2764.377509
c4-w2-r4,4,2,4,e93191ae-e69c-4a5d-bc56-972e83228781,6ebed106-8129-4afc-b7c9-5b9a50c355e6,SUCCEEDED,19301223808,22113567045,2812.343237
c4-w2-r4,4,2,4,e93191ae-e69c-4a5d-bc56-972e83228781,52f984a3-86b4-4ca3-bf73-e31dc271867e,SUCCEEDED,19513110726,22287686483,2774.575757
c4-w2-r4,4,2,4,e93191ae-e69c-4a5d-bc56-972e83228781,1d11cba3-7870-416b-8c7a-a122a6a43a82,SUCCEEDED,19574509692,22346724786,2772.215094
c4-w2-r4,4,2,4,e93191ae-e69c-4a5d-bc56-972e83228781,65dac925-5e1f-41f8-ac16-f4fa90839e96,SUCCEEDED,22113251154,24889150980,2775.899826
c4-w2-r4,4,2,4,e93191ae-e69c-4a5d-bc56-972e83228781,e874b7fa-6be2-4f5b-8a42-29ec6eb317bb,SUCCEEDED,22175525919,24976605050,2801.079131
c4-w2-r4,4,2,4,e93191ae-e69c-4a5d-bc56-972e83228781,e4066e2f-4636-46bc-916d-4af6ac3ff868,SUCCEEDED,22353485716,25117642927,2764.157211
c4-w2-r4,4,2,4,e93191ae-e69c-4a5d-bc56-972e83228781,0f9b79ab-a5bf-448d-b18b-b6cbea8839ea,SUCCEEDED,22422217406,25208618293,2786.400887
c4-w2-r4,4,2,4,e93191ae-e69c-4a5d-bc56-972e83228781,1fe44401-6cc3-419e-96ca-f2ac7d937787,SUCCEEDED,24954121856,27720734350,2766.612494
c4-w2-r4,4,2,4,e93191ae-e69c-4a5d-bc56-972e83228781,f1da121c-8dd5-450e-bbf9-cf1418f3eef0,SUCCEEDED,25031604378,27814543059,2782.938681
c4-w2-r4,4,2,4,e93191ae-e69c-4a5d-bc56-972e83228781,d582f88e-77da-48d8-87aa-656ba6785ec9,SUCCEEDED,25168444398,27953831748,2785.38735
c4-w2-r4,4,2,4,e93191ae-e69c-4a5d-bc56-972e83228781,390f47fc-d4c4-4026-8a8a-ac4f56763bfc,SUCCEEDED,25277474775,28041802916,2764.328141
c4-w2-r4,4,2,4,e93191ae-e69c-4a5d-bc56-972e83228781,81589eb6-7129-4d4f-9125-295f09144dbc,SUCCEEDED,27769620523,30550194432,2780.573909
c4-w2-r4,4,2,4,e93191ae-e69c-4a5d-bc56-972e83228781,b43af7cc-6d37-4869-ba3e-5a1dfea6c0e5,SUCCEEDED,27850677631,30607963792,2757.286161
c4-w2-r4,4,2,4,e93191ae-e69c-4a5d-bc56-972e83228781,9c741c3e-3b2e-4119-98d1-27d5882e67ee,SUCCEEDED,27982045451,30767915301,2785.86985
c4-w2-r4,4,2,4,e93191ae-e69c-4a5d-bc56-972e83228781,90eb8fe1-205d-4011-8f15-5e77ede1a177,SUCCEEDED,28094889253,30839059097,2744.169844
c4-w2-r5,4,2,5,ae9e8570-4833-4211-b9bd-499195763ba0,c71a7337-74b2-41c1-a3d0-bc151855d693,SUCCEEDED,13538176476,16270876471,2732.699995
c4-w2-r5,4,2,5,ae9e8570-4833-4211-b9bd-499195763ba0,df7a1689-8e1c-4b7a-8358-71634b617227,SUCCEEDED,13568726268,16297601613,2728.875345
c4-w2-r5,4,2,5,ae9e8570-4833-4211-b9bd-499195763ba0,01ea51b4-b9bd-4354-8c54-ae4b2dba644a,SUCCEEDED,13596290369,16514266649,2917.97628
c4-w2-r5,4,2,5,ae9e8570-4833-4211-b9bd-499195763ba0,3af5c6f3-96f1-4ecf-94ff-9d559ef56642,SUCCEEDED,13603408519,16550735510,2947.326991
c4-w2-r5,4,2,5,ae9e8570-4833-4211-b9bd-499195763ba0,61361665-49f3-41ef-ae78-39dcbe8e5294,SUCCEEDED,16339454128,19209030777,2869.576649
c4-w2-r5,4,2,5,ae9e8570-4833-4211-b9bd-499195763ba0,496da335-d8a2-4c4d-aca2-854d2d1efdde,SUCCEEDED,16346821512,19240345929,2893.524417
c4-w2-r5,4,2,5,ae9e8570-4833-4211-b9bd-499195763ba0,4e5e0c27-1591-4e95-a2ea-52624597f578,SUCCEEDED,16575726882,19432553394,2856.826512
c4-w2-r5,4,2,5,ae9e8570-4833-4211-b9bd-499195763ba0,811ebb8b-34d9-4a6c-9371-3889e0980167,SUCCEEDED,16620874956,19468545811,2847.670855
c4-w2-r5,4,2,5,ae9e8570-4833-4211-b9bd-499195763ba0,0ad1d06c-7be5-4dd9-b083-c6c61b84576b,SUCCEEDED,19266700128,22066905262,2800.205134
c4-w2-r5,4,2,5,ae9e8570-4833-4211-b9bd-499195763ba0,86d21f38-9163-4bdf-90eb-93641ff4e186,SUCCEEDED,19308864554,22095783716,2786.919162
c4-w2-r5,4,2,5,ae9e8570-4833-4211-b9bd-499195763ba0,d4c41c65-f0d1-4456-8b21-455592101d2d,SUCCEEDED,19476786323,22293348880,2816.562557
c4-w2-r5,4,2,5,ae9e8570-4833-4211-b9bd-499195763ba0,1f581735-658d-44a3-8957-d6e2b31bd671,SUCCEEDED,19528531681,22328248102,2799.716421
c4-w2-r5,4,2,5,ae9e8570-4833-4211-b9bd-499195763ba0,b4315857-387a-4675-af33-6099b008842e,SUCCEEDED,22094036638,24926856493,2832.819855
c4-w2-r5,4,2,5,ae9e8570-4833-4211-b9bd-499195763ba0,b97f1427-e82d-4c68-8b38-07187af6efe1,SUCCEEDED,22126409904,24974217793,2847.807889
c4-w2-r5,4,2,5,ae9e8570-4833-4211-b9bd-499195763ba0,ff36f5a8-5351-420f-bc30-a6628bc96726,SUCCEEDED,22325347465,25146188850,2820.841385
c4-w2-r5,4,2,5,ae9e8570-4833-4211-b9bd-499195763ba0,752dd184-e8f8-451a-8325-ecea626c89e8,SUCCEEDED,22378125930,25209346972,2831.221042
c4-w2-r5,4,2,5,ae9e8570-4833-4211-b9bd-499195763ba0,e713a11b-b1ca-408c-8329-4575aea7587e,SUCCEEDED,24972632509,27746026579,2773.39407
c4-w2-r5,4,2,5,ae9e8570-4833-4211-b9bd-499195763ba0,3b281107-ffff-4105-922a-6c1ef31cbf9a,SUCCEEDED,25034728109,27840649381,2805.921272
c4-w2-r5,4,2,5,ae9e8570-4833-4211-b9bd-499195763ba0,e86bc79d-0f25-41b3-b1cc-688e39ad2b9b,SUCCEEDED,25199364154,27989264506,2789.900352
c4-w2-r5,4,2,5,ae9e8570-4833-4211-b9bd-499195763ba0,497128d0-9c85-4880-a27b-aa32fc7f796a,SUCCEEDED,25299140712,28072296794,2773.156082
c4-w2-r5,4,2,5,ae9e8570-4833-4211-b9bd-499195763ba0,1e33ee95-f782-435f-9527-1c98c7f135f5,SUCCEEDED,27804629132,30629283653,2824.654521
c4-w2-r5,4,2,5,ae9e8570-4833-4211-b9bd-499195763ba0,22f382c7-0d48-4894-9a18-148a5b01b96a,SUCCEEDED,27892193487,30719568647,2827.37516
c4-w2-r5,4,2,5,ae9e8570-4833-4211-b9bd-499195763ba0,4120d1f5-8e9f-45f5-9073-ae3377cceaee,SUCCEEDED,28055161976,30851880143,2796.718167
c4-w2-r5,4,2,5,ae9e8570-4833-4211-b9bd-499195763ba0,c0dcb59d-ddba-4c5c-a9c7-dc20eab50ee9,SUCCEEDED,28126477170,30950313119,2823.835949
c4-w4-r1,4,4,1,002676c7-0e6e-4b5e-9387-5eec26f898a5,b0fdc99a-f3f7-4c48-9358-1c593a1e5bc2,SUCCEEDED,17261345916,18735775634,1474.429718
c4-w4-r1,4,4,1,002676c7-0e6e-4b5e-9387-5eec26f898a5,dc48928d-d671-4277-a89a-a4127b073be6,SUCCEEDED,17276705644,18795695242,1518.989598
c4-w4-r1,4,4,1,002676c7-0e6e-4b5e-9387-5eec26f898a5,4619726d-35db-4bbc-8949-cb0137b8c38e,SUCCEEDED,17307249154,18827628888,1520.379734
c4-w4-r1,4,4,1,002676c7-0e6e-4b5e-9387-5eec26f898a5,53c54dbc-ca14-4f8c-bc75-adf455ebaf03,SUCCEEDED,17284486289,18845755050,1561.268761
c4-w4-r1,4,4,1,002676c7-0e6e-4b5e-9387-5eec26f898a5,7bb4f16f-f10b-4853-a215-29b7e10a0625,SUCCEEDED,18817347948,20305699967,1488.352019
c4-w4-r1,4,4,1,002676c7-0e6e-4b5e-9387-5eec26f898a5,c558749b-f3fb-43f6-8e1d-5a48c3e11c45,SUCCEEDED,18895709291,20337546784,1441.837493
c4-w4-r1,4,4,1,002676c7-0e6e-4b5e-9387-5eec26f898a5,00ffa479-6773-4a0e-9731-09438b703b0e,SUCCEEDED,18849797667,20364437092,1514.639425
c4-w4-r1,4,4,1,002676c7-0e6e-4b5e-9387-5eec26f898a5,5e6560f8-ad39-4a53-8110-1927b4060dbe,SUCCEEDED,18925323436,20415929852,1490.606416
c4-w4-r1,4,4,1,002676c7-0e6e-4b5e-9387-5eec26f898a5,c8e5dd48-14f7-4d62-9704-bf7db265a0c8,SUCCEEDED,20338402943,21830344149,1491.941206
c4-w4-r1,4,4,1,002676c7-0e6e-4b5e-9387-5eec26f898a5,8ec5555e-744a-4397-8762-9678a4cb662a,SUCCEEDED,20400732719,21877269182,1476.536463
c4-w4-r1,4,4,1,002676c7-0e6e-4b5e-9387-5eec26f898a5,f97d7385-0315-411c-a856-344b6b2ab644,SUCCEEDED,20447130306,21915742321,1468.612015
c4-w4-r1,4,4,1,002676c7-0e6e-4b5e-9387-5eec26f898a5,fe84084c-9d68-460a-8bb7-b3978965a098,SUCCEEDED,20508713755,21968595484,1459.881729
c4-w4-r1,4,4,1,002676c7-0e6e-4b5e-9387-5eec26f898a5,54c81ae3-620e-463a-9be6-ed8caa9c0ad9,SUCCEEDED,21898579800,23345467851,1446.888051
c4-w4-r1,4,4,1,002676c7-0e6e-4b5e-9387-5eec26f898a5,31daed6f-186c-475d-a6f3-b451f72ef2d4,SUCCEEDED,21944979449,23368044121,1423.064672
c4-w4-r1,4,4,1,002676c7-0e6e-4b5e-9387-5eec26f898a5,3e63fade-f187-495a-ad6b-f6a52b05f7c2,SUCCEEDED,22006810075,23401034812,1394.224737
c4-w4-r1,4,4,1,002676c7-0e6e-4b5e-9387-5eec26f898a5,a630bf1d-1c8d-4370-a3e9-903301f76989,SUCCEEDED,22054330615,23461894791,1407.564176
c4-w4-r1,4,4,1,002676c7-0e6e-4b5e-9387-5eec26f898a5,8e60a91d-f033-42a3-a5c4-85744bc97476,SUCCEEDED,23387100423,24990073488,1602.973065
c4-w4-r1,4,4,1,002676c7-0e6e-4b5e-9387-5eec26f898a5,5a021348-f6a5-42bd-bb58-71a8c08e198c,SUCCEEDED,23437771407,24996681703,1558.910296
c4-w4-r1,4,4,1,002676c7-0e6e-4b5e-9387-5eec26f898a5,493a688e-9e45-4ce4-935e-b05d5513b79b,SUCCEEDED,23468707301,25042399273,1573.691972
c4-w4-r1,4,4,1,002676c7-0e6e-4b5e-9387-5eec26f898a5,4f8528a9-8ccf-4fb1-bf2f-e769e4fe1cab,SUCCEEDED,23514967186,25110628836,1595.66165
c4-w4-r1,4,4,1,002676c7-0e6e-4b5e-9387-5eec26f898a5,159ffbd6-9a84-497d-9f05-e08a0d34bccb,SUCCEEDED,25044566673,26512641903,1468.07523
c4-w4-r1,4,4,1,002676c7-0e6e-4b5e-9387-5eec26f898a5,c8780761-ffdd-43bd-9436-ad9831c68060,SUCCEEDED,25048914419,26542558619,1493.6442
c4-w4-r1,4,4,1,002676c7-0e6e-4b5e-9387-5eec26f898a5,85aa68a0-153e-4a85-b58a-a84a2e3d8cd7,SUCCEEDED,25091977178,26564668077,1472.690899
c4-w4-r1,4,4,1,002676c7-0e6e-4b5e-9387-5eec26f898a5,9796a22a-41ac-4144-b406-8f4105dc6f56,SUCCEEDED,25148564034,26616705136,1468.141102
c4-w4-r2,4,4,2,ed006bb7-def1-4f16-8b9c-fd262289bc1d,6aeb2f6f-9222-4d64-a6e0-ca388cd0ad7a,SUCCEEDED,17073282795,18589099878,1515.817083
c4-w4-r2,4,4,2,ed006bb7-def1-4f16-8b9c-fd262289bc1d,b731eb23-a8f7-4942-9af3-81fc767e3fc8,SUCCEEDED,17105263228,18639787583,1534.524355
c4-w4-r2,4,4,2,ed006bb7-def1-4f16-8b9c-fd262289bc1d,95b76bdf-544c-440b-a198-8f4d2bf3314d,SUCCEEDED,17112827874,18689145420,1576.317546
c4-w4-r2,4,4,2,ed006bb7-def1-4f16-8b9c-fd262289bc1d,75de3e14-af1d-471b-9d61-b087027f7b72,SUCCEEDED,17121495251,18734018942,1612.523691
c4-w4-r2,4,4,2,ed006bb7-def1-4f16-8b9c-fd262289bc1d,1549b231-f620-4ca8-bc4d-b11b857986d7,SUCCEEDED,18638940816,20110318955,1471.378139
c4-w4-r2,4,4,2,ed006bb7-def1-4f16-8b9c-fd262289bc1d,c6644647-fa89-417a-ac3c-7162478f5e82,SUCCEEDED,18673866537,20160330705,1486.464168
c4-w4-r2,4,4,2,ed006bb7-def1-4f16-8b9c-fd262289bc1d,c7322b68-4e40-4ec3-8cb6-32354c06fe08,SUCCEEDED,18734305838,20188952390,1454.646552
c4-w4-r2,4,4,2,ed006bb7-def1-4f16-8b9c-fd262289bc1d,8f4cf2bb-52b2-4889-b577-59a65b1b64d4,SUCCEEDED,18783554062,20230978797,1447.424735
c4-w4-r2,4,4,2,ed006bb7-def1-4f16-8b9c-fd262289bc1d,d657576b-df3c-4717-badb-70cd1ea958a0,SUCCEEDED,20158325216,21640872664,1482.547448
c4-w4-r2,4,4,2,ed006bb7-def1-4f16-8b9c-fd262289bc1d,5293ff6f-90bd-4347-a4e0-d568dc76a71e,SUCCEEDED,20189986035,21738788558,1548.802523
c4-w4-r2,4,4,2,ed006bb7-def1-4f16-8b9c-fd262289bc1d,688b6248-bf99-4518-b4df-ccaed3ff8bc9,SUCCEEDED,20225555565,21742113716,1516.558151
c4-w4-r2,4,4,2,ed006bb7-def1-4f16-8b9c-fd262289bc1d,c472c2a2-0a62-425b-9f9e-cf2901ed41a6,SUCCEEDED,20281236644,21774893086,1493.656442
c4-w4-r2,4,4,2,ed006bb7-def1-4f16-8b9c-fd262289bc1d,4bca28f0-f82d-4aa3-9e4e-d08e1d86189c,SUCCEEDED,21700952640,23170517740,1469.5651
c4-w4-r2,4,4,2,ed006bb7-def1-4f16-8b9c-fd262289bc1d,c23cef4b-93c0-48f2-a7fe-e9d484226558,SUCCEEDED,21788853023,23244121361,1455.268338
c4-w4-r2,4,4,2,ed006bb7-def1-4f16-8b9c-fd262289bc1d,fe3176e5-77c9-47f6-8b32-d708bce61bcb,SUCCEEDED,21810638297,23269682756,1459.044459
c4-w4-r2,4,4,2,ed006bb7-def1-4f16-8b9c-fd262289bc1d,6aed4bea-f4e4-4455-8c52-33663cdf0c50,SUCCEEDED,21855328386,23286245490,1430.917104
c4-w4-r2,4,4,2,ed006bb7-def1-4f16-8b9c-fd262289bc1d,66f64976-0666-493d-bfc0-a7bea45fa0ec,SUCCEEDED,23230658702,24742291725,1511.633023
c4-w4-r2,4,4,2,ed006bb7-def1-4f16-8b9c-fd262289bc1d,d74eff4c-9b05-4cf9-b8ee-0de49eae08f0,SUCCEEDED,23330904058,24831948791,1501.044733
c4-w4-r2,4,4,2,ed006bb7-def1-4f16-8b9c-fd262289bc1d,2a6cd991-fedf-4692-82cc-6daddb4d3a84,SUCCEEDED,23387511669,24891736991,1504.225322
c4-w4-r2,4,4,2,ed006bb7-def1-4f16-8b9c-fd262289bc1d,cc9e70a6-d685-4679-a8b4-63f1baaef65c,SUCCEEDED,23334557401,24904550636,1569.993235
c4-w4-r2,4,4,2,ed006bb7-def1-4f16-8b9c-fd262289bc1d,d75f8943-5a29-4553-bf33-e594c349dca5,SUCCEEDED,24828520560,26275824824,1447.304264
c4-w4-r2,4,4,2,ed006bb7-def1-4f16-8b9c-fd262289bc1d,21b431b8-8fe1-4e0b-afd5-42b28164b656,SUCCEEDED,24875597133,26314694675,1439.097542
c4-w4-r2,4,4,2,ed006bb7-def1-4f16-8b9c-fd262289bc1d,7c28567e-9374-4f1e-a6e0-29bdfd4ba868,SUCCEEDED,24950339346,26355516595,1405.177249
c4-w4-r2,4,4,2,ed006bb7-def1-4f16-8b9c-fd262289bc1d,ec56b49e-ea71-49a8-8d60-bcd23e16da72,SUCCEEDED,25011724397,26482589200,1470.864803
c4-w4-r3,4,4,3,e57e6316-e7d8-40d2-bc81-11571994e9ab,b2fec6d6-079f-434a-b749-10ce77aaffaf,SUCCEEDED,17600224383,19059449337,1459.224954
c4-w4-r3,4,4,3,e57e6316-e7d8-40d2-bc81-11571994e9ab,793abb93-759a-4014-8754-ce3883e19c1e,SUCCEEDED,17622255982,19105208969,1482.952987
c4-w4-r3,4,4,3,e57e6316-e7d8-40d2-bc81-11571994e9ab,1d0bb384-5766-44fd-ae53-3f9a4c17014e,SUCCEEDED,17628809742,19156082955,1527.273213
c4-w4-r3,4,4,3,e57e6316-e7d8-40d2-bc81-11571994e9ab,8ded9aa0-40d8-48ef-96e6-f4ef4577e3c5,SUCCEEDED,17634239556,19182400093,1548.160537
c4-w4-r3,4,4,3,e57e6316-e7d8-40d2-bc81-11571994e9ab,1728102e-e365-47c6-b560-2143891a0bc6,SUCCEEDED,19135294932,20647422808,1512.127876
c4-w4-r3,4,4,3,e57e6316-e7d8-40d2-bc81-11571994e9ab,f68b5fc5-fc19-474c-b6e0-7a89ea4a435b,SUCCEEDED,19211634308,20685280646,1473.646338
c4-w4-r3,4,4,3,e57e6316-e7d8-40d2-bc81-11571994e9ab,7ac53a03-6b01-4f1b-a967-fa196af70647,SUCCEEDED,19217013665,20742343634,1525.329969
c4-w4-r3,4,4,3,e57e6316-e7d8-40d2-bc81-11571994e9ab,980f1be5-21ab-4fbf-b783-348682a72cee,SUCCEEDED,19258559716,20768955918,1510.396202
c4-w4-r3,4,4,3,e57e6316-e7d8-40d2-bc81-11571994e9ab,bdf3ec34-3568-4b25-a7d4-ec240b26145b,SUCCEEDED,20689000035,22180826937,1491.826902
c4-w4-r3,4,4,3,e57e6316-e7d8-40d2-bc81-11571994e9ab,022601ac-5fbd-4967-8dbf-c5172ecb8afd,SUCCEEDED,20722359981,22234701255,1512.341274
c4-w4-r3,4,4,3,e57e6316-e7d8-40d2-bc81-11571994e9ab,0004d43b-297c-4ea2-84c9-26831a071746,SUCCEEDED,20818241504,22325033276,1506.791772
c4-w4-r3,4,4,3,e57e6316-e7d8-40d2-bc81-11571994e9ab,073790fc-1f19-489c-800a-2d0016de5920,SUCCEEDED,20835311993,22330660149,1495.348156
c4-w4-r3,4,4,3,e57e6316-e7d8-40d2-bc81-11571994e9ab,362f57ea-fd3e-4fe7-986b-e0209d3cc03e,SUCCEEDED,22243840093,23683611150,1439.771057
c4-w4-r3,4,4,3,e57e6316-e7d8-40d2-bc81-11571994e9ab,475c31f2-2094-428d-873d-e6fa91a42b8e,SUCCEEDED,22276654996,23753905161,1477.250165
c4-w4-r3,4,4,3,e57e6316-e7d8-40d2-bc81-11571994e9ab,b78a1609-6043-4063-bf59-57ea6b97e3e2,SUCCEEDED,22397750239,23877956633,1480.206394
c4-w4-r3,4,4,3,e57e6316-e7d8-40d2-bc81-11571994e9ab,cca4414c-1d47-40e2-82c6-a3ff1f06f6bc,SUCCEEDED,22368068629,23890538278,1522.469649
c4-w4-r3,4,4,3,e57e6316-e7d8-40d2-bc81-11571994e9ab,e9474b3b-43f0-48b4-bdbd-a044e64d067a,SUCCEEDED,23746611534,25276414496,1529.802962
c4-w4-r3,4,4,3,e57e6316-e7d8-40d2-bc81-11571994e9ab,7eae1fef-43dd-4025-82a9-826281a397a3,SUCCEEDED,23810106225,25380213020,1570.106795
c4-w4-r3,4,4,3,e57e6316-e7d8-40d2-bc81-11571994e9ab,42796081-0d35-4344-91ba-d567a780e0b1,SUCCEEDED,23945235007,25463479957,1518.24495
c4-w4-r3,4,4,3,e57e6316-e7d8-40d2-bc81-11571994e9ab,5a0ed7d7-3a29-4df8-90a3-ae64b3e547b0,SUCCEEDED,23952848692,25485920039,1533.071347
c4-w4-r3,4,4,3,e57e6316-e7d8-40d2-bc81-11571994e9ab,f26cadd9-9ccc-4b28-9ead-1edc7eccfce6,SUCCEEDED,25327446416,26817870691,1490.424275
c4-w4-r3,4,4,3,e57e6316-e7d8-40d2-bc81-11571994e9ab,9b0147c6-8a2f-40e2-9c5e-7863d68ff11d,SUCCEEDED,25443371987,26887595779,1444.223792
c4-w4-r3,4,4,3,e57e6316-e7d8-40d2-bc81-11571994e9ab,3918ce5f-8727-41e6-a6c7-6d442b046ea3,SUCCEEDED,25525600160,26974241612,1448.641452
c4-w4-r3,4,4,3,e57e6316-e7d8-40d2-bc81-11571994e9ab,ec726de6-c827-4c77-8f3c-54827fa8e1f6,SUCCEEDED,25586006893,26978739164,1392.732271
c4-w4-r4,4,4,4,8b9154c7-d7ff-409f-8ee5-b6dcd59b8215,f03fce5c-7426-4ec6-9e18-75915950c982,SUCCEEDED,17413260232,18921986412,1508.72618
c4-w4-r4,4,4,4,8b9154c7-d7ff-409f-8ee5-b6dcd59b8215,36bc4884-4631-481d-8093-5bb87aeb6f66,SUCCEEDED,17418816970,18958266219,1539.449249
c4-w4-r4,4,4,4,8b9154c7-d7ff-409f-8ee5-b6dcd59b8215,eb415de1-8421-4e76-93dd-2fedeb07ba21,SUCCEEDED,17444072159,18989852040,1545.779881
c4-w4-r4,4,4,4,8b9154c7-d7ff-409f-8ee5-b6dcd59b8215,65715f60-4a6b-498c-b8ba-549aa51c9585,SUCCEEDED,17459466765,19031098324,1571.631559
c4-w4-r4,4,4,4,8b9154c7-d7ff-409f-8ee5-b6dcd59b8215,6e381400-96f9-4a6d-8fef-2f0fc88e7886,SUCCEEDED,18989208707,20462280399,1473.071692
c4-w4-r4,4,4,4,8b9154c7-d7ff-409f-8ee5-b6dcd59b8215,e62072c5-a5d3-44bf-8d02-d22d5c9375ec,SUCCEEDED,19049911620,20510714438,1460.802818
c4-w4-r4,4,4,4,8b9154c7-d7ff-409f-8ee5-b6dcd59b8215,02540c50-3794-4a9a-bf75-4bbab3541a52,SUCCEEDED,19087754158,20569221908,1481.46775
c4-w4-r4,4,4,4,8b9154c7-d7ff-409f-8ee5-b6dcd59b8215,28a35e7b-1969-4cf3-94e0-893fd87d899c,SUCCEEDED,19158685164,20679241160,1520.555996
c4-w4-r4,4,4,4,8b9154c7-d7ff-409f-8ee5-b6dcd59b8215,d53434ab-1a92-4d1f-a718-623ecd406789,SUCCEEDED,20533477948,22007561434,1474.083486
c4-w4-r4,4,4,4,8b9154c7-d7ff-409f-8ee5-b6dcd59b8215,8b162ea3-cdc6-4cf6-a17e-9d780956c914,SUCCEEDED,20566097006,22034574152,1468.477146
c4-w4-r4,4,4,4,8b9154c7-d7ff-409f-8ee5-b6dcd59b8215,456524bd-02a6-4d9d-8530-b05549c2e0d4,SUCCEEDED,20598290883,22063124498,1464.833615
c4-w4-r4,4,4,4,8b9154c7-d7ff-409f-8ee5-b6dcd59b8215,1fce86d1-0092-4b19-bd23-8875323ccc40,SUCCEEDED,20738681647,22236244483,1497.562836
c4-w4-r4,4,4,4,8b9154c7-d7ff-409f-8ee5-b6dcd59b8215,ee258ee3-ffe5-4f3c-824a-49ef3d9e9bc5,SUCCEEDED,22081517109,23512154211,1430.637102
c4-w4-r4,4,4,4,8b9154c7-d7ff-409f-8ee5-b6dcd59b8215,25128db6-1dd1-4520-9d94-f8262e0b8ae5,SUCCEEDED,22085975838,23531142795,1445.166957
c4-w4-r4,4,4,4,8b9154c7-d7ff-409f-8ee5-b6dcd59b8215,56f401d8-c43d-4e23-87e4-6d21a9c314dd,SUCCEEDED,22140668168,23562236514,1421.568346
c4-w4-r4,4,4,4,8b9154c7-d7ff-409f-8ee5-b6dcd59b8215,40bc6e9f-61e0-444b-8c2e-4493908809d1,SUCCEEDED,22282821411,23725508697,1442.687286
c4-w4-r4,4,4,4,8b9154c7-d7ff-409f-8ee5-b6dcd59b8215,dd84c7db-3f7e-4076-aeba-a768f7a0dd2e,SUCCEEDED,23566830079,25063478146,1496.648067
c4-w4-r4,4,4,4,8b9154c7-d7ff-409f-8ee5-b6dcd59b8215,1a5c6713-90b0-4150-835d-b351b7070c99,SUCCEEDED,23572536047,25091237478,1518.701431
c4-w4-r4,4,4,4,8b9154c7-d7ff-409f-8ee5-b6dcd59b8215,d433b599-1c09-4171-84f5-c38e291cb32f,SUCCEEDED,23614183084,25105237791,1491.054707
c4-w4-r4,4,4,4,8b9154c7-d7ff-409f-8ee5-b6dcd59b8215,98beb1c7-5ad1-4352-8e9e-d8b3458c3d5b,SUCCEEDED,23795678946,25251897778,1456.218832
c4-w4-r4,4,4,4,8b9154c7-d7ff-409f-8ee5-b6dcd59b8215,e93e200f-f9a6-49b0-8043-f4c0980d7e60,SUCCEEDED,25098443207,26574346927,1475.90372
c4-w4-r4,4,4,4,8b9154c7-d7ff-409f-8ee5-b6dcd59b8215,3233df97-b46d-46b3-9e84-31853fe521bc,SUCCEEDED,25146043379,26611090276,1465.046897
c4-w4-r4,4,4,4,8b9154c7-d7ff-409f-8ee5-b6dcd59b8215,dba888c2-1b2b-4f3f-8bc6-f98939d70197,SUCCEEDED,25178164999,26679181351,1501.016352
c4-w4-r4,4,4,4,8b9154c7-d7ff-409f-8ee5-b6dcd59b8215,0e922aa1-cfbf-4208-9685-386a9cc71e35,SUCCEEDED,25310945897,26785124702,1474.178805
c4-w4-r5,4,4,5,a005ca6d-3b41-404c-8c75-fa7a7c9d4ccd,27985244-8dc8-4299-b702-405f95275667,SUCCEEDED,18291476665,19707221071,1415.744406
c4-w4-r5,4,4,5,a005ca6d-3b41-404c-8c75-fa7a7c9d4ccd,ca36456f-ef80-441b-a2d6-5ca0f4cb108a,SUCCEEDED,18298077536,19805049198,1506.971662
c4-w4-r5,4,4,5,a005ca6d-3b41-404c-8c75-fa7a7c9d4ccd,b06cc407-7f68-441a-82af-0ac983bed56a,SUCCEEDED,18304871395,19814660032,1509.788637
c4-w4-r5,4,4,5,a005ca6d-3b41-404c-8c75-fa7a7c9d4ccd,13e74fb7-82ec-4cfc-a001-0bbddc41ea6e,SUCCEEDED,18333009501,19833553624,1500.544123
c4-w4-r5,4,4,5,a005ca6d-3b41-404c-8c75-fa7a7c9d4ccd,64530582-44e1-4005-97ae-06d98777c38f,SUCCEEDED,19759453096,21285557237,1526.104141
c4-w4-r5,4,4,5,a005ca6d-3b41-404c-8c75-fa7a7c9d4ccd,b9c2d96d-2f6d-4b5e-8119-9362e98537c9,SUCCEEDED,19841082496,21357670487,1516.587991
c4-w4-r5,4,4,5,a005ca6d-3b41-404c-8c75-fa7a7c9d4ccd,779d5443-8e94-460e-9fd7-bf7dd92697a8,SUCCEEDED,19913405260,21416803902,1503.398642
c4-w4-r5,4,4,5,a005ca6d-3b41-404c-8c75-fa7a7c9d4ccd,e186bc98-4c5d-4cb7-a9d8-ee191dc43c20,SUCCEEDED,19929481232,21439894900,1510.413668
c4-w4-r5,4,4,5,a005ca6d-3b41-404c-8c75-fa7a7c9d4ccd,8a5f4ef7-be1d-4e1e-aa80-235846250408,SUCCEEDED,21324905718,22833783734,1508.878016
c4-w4-r5,4,4,5,a005ca6d-3b41-404c-8c75-fa7a7c9d4ccd,79f1ced1-151d-4343-8d41-c9dbb8e3450a,SUCCEEDED,21426897227,22927555856,1500.658629
c4-w4-r5,4,4,5,a005ca6d-3b41-404c-8c75-fa7a7c9d4ccd,c9d4d357-417b-4bac-999c-77c5cfae8708,SUCCEEDED,21459259922,22963742067,1504.482145
c4-w4-r5,4,4,5,a005ca6d-3b41-404c-8c75-fa7a7c9d4ccd,a5ba7219-66cb-4572-baed-67c3f2d8cff7,SUCCEEDED,21504367160,22983436442,1479.069282
c4-w4-r5,4,4,5,a005ca6d-3b41-404c-8c75-fa7a7c9d4ccd,ab899319-2873-4c66-b8ca-b3b3275abe95,SUCCEEDED,22888927985,24404032670,1515.104685
c4-w4-r5,4,4,5,a005ca6d-3b41-404c-8c75-fa7a7c9d4ccd,4763a823-a78b-4c36-8bc4-e2a03a61f5e0,SUCCEEDED,22987108740,24445181059,1458.072319
c4-w4-r5,4,4,5,a005ca6d-3b41-404c-8c75-fa7a7c9d4ccd,49b33c9c-a5db-4a87-8b83-9898ce95f212,SUCCEEDED,23049878917,24473879213,1424.000296
c4-w4-r5,4,4,5,a005ca6d-3b41-404c-8c75-fa7a7c9d4ccd,048e88dc-eda0-4665-9317-e325de32e414,SUCCEEDED,23055029196,24603080809,1548.051613
c4-w4-r5,4,4,5,a005ca6d-3b41-404c-8c75-fa7a7c9d4ccd,ffc9173f-c886-4c09-a06a-20d86a19dda0,SUCCEEDED,24487509973,25935788594,1448.278621
c4-w4-r5,4,4,5,a005ca6d-3b41-404c-8c75-fa7a7c9d4ccd,36a2f601-dcbb-42e8-ba75-b7a67f42bffe,SUCCEEDED,24517528383,25968896913,1451.36853
c4-w4-r5,4,4,5,a005ca6d-3b41-404c-8c75-fa7a7c9d4ccd,4e1d2bb9-82f5-4a33-b62a-8e13c1b421a2,SUCCEEDED,24522565646,26013884074,1491.318428
c4-w4-r5,4,4,5,a005ca6d-3b41-404c-8c75-fa7a7c9d4ccd,93e1be3a-9bc5-4420-9b27-0d52ce995712,SUCCEEDED,24657216147,26133824166,1476.608019
c4-w4-r5,4,4,5,a005ca6d-3b41-404c-8c75-fa7a7c9d4ccd,f5cd3f4e-f484-419e-8914-a92ce8f39652,SUCCEEDED,26022109923,27452841453,1430.73153
c4-w4-r5,4,4,5,a005ca6d-3b41-404c-8c75-fa7a7c9d4ccd,941c4c86-f8e2-4d07-9525-335894c5de34,SUCCEEDED,26016474434,27472789118,1456.314684
c4-w4-r5,4,4,5,a005ca6d-3b41-404c-8c75-fa7a7c9d4ccd,b707de48-ea41-421c-aeee-406904e3734c,SUCCEEDED,26061412061,27535191545,1473.779484
c4-w4-r5,4,4,5,a005ca6d-3b41-404c-8c75-fa7a7c9d4ccd,67c72ca0-f50a-4768-b246-b4e8cf21a43b,SUCCEEDED,26172852454,27645592849,1472.740395
c16-w1-r1,16,1,1,331f6114-ebb2-4628-980c-80426f47d29a,c74c5f01-4525-46f9-89c0-3c354bc257bb,SUCCEEDED,14173920781,33267709375,19093.788594
c16-w1-r1,16,1,1,331f6114-ebb2-4628-980c-80426f47d29a,3ff834a9-aa3e-4e88-b16b-1e7c069f8007,SUCCEEDED,14189722461,33486463615,19296.741154
c16-w1-r1,16,1,1,331f6114-ebb2-4628-980c-80426f47d29a,e4b5cd94-ec12-4043-a3da-9eaad278f830,SUCCEEDED,14194548997,33709597323,19515.048326
c16-w1-r1,16,1,1,331f6114-ebb2-4628-980c-80426f47d29a,c5bfc819-bba1-45c8-b142-96974d0d058b,SUCCEEDED,14219414138,33933782976,19714.368838
c16-w1-r1,16,1,1,331f6114-ebb2-4628-980c-80426f47d29a,245eedf9-ca61-4257-8bc4-73c6706782e8,SUCCEEDED,14234306916,34159550212,19925.243296
c16-w1-r1,16,1,1,331f6114-ebb2-4628-980c-80426f47d29a,97d229e4-2c3a-4c4a-aba9-45a1b05b627a,SUCCEEDED,14249240719,34391392917,20142.152198
c16-w1-r1,16,1,1,331f6114-ebb2-4628-980c-80426f47d29a,a2842e3b-b0ea-44e0-aecf-6de40471a3d4,SUCCEEDED,14253249230,34638391990,20385.14276
c16-w1-r1,16,1,1,331f6114-ebb2-4628-980c-80426f47d29a,8a54ee17-fc6a-42d9-b6d3-13b6534dc82f,SUCCEEDED,14280487856,34870253359,20589.765503
c16-w1-r1,16,1,1,331f6114-ebb2-4628-980c-80426f47d29a,83c9a04b-7cbf-4cfe-9a37-963fc32fee73,SUCCEEDED,14285645535,35089704772,20804.059237
c16-w1-r1,16,1,1,331f6114-ebb2-4628-980c-80426f47d29a,6a64d64f-70f0-4ea3-9bdf-165bc72e3a0e,SUCCEEDED,14291343594,35321511026,21030.167432
c16-w1-r1,16,1,1,331f6114-ebb2-4628-980c-80426f47d29a,0b718145-3bcd-438b-bc9b-a79c41cffa9b,SUCCEEDED,14296573002,35546094644,21249.521642
c16-w1-r1,16,1,1,331f6114-ebb2-4628-980c-80426f47d29a,af886d03-e173-4fbf-9b69-18b9925aeca9,SUCCEEDED,14301592368,35778297972,21476.705604
c16-w1-r1,16,1,1,331f6114-ebb2-4628-980c-80426f47d29a,2e4c2c2a-df71-48d8-a69c-8a3c28a2d37a,SUCCEEDED,14307339818,36007436111,21700.096293
c16-w1-r1,16,1,1,331f6114-ebb2-4628-980c-80426f47d29a,37aa45c1-1cc6-4cb6-ba8d-e3ab6dfb481a,SUCCEEDED,14312431583,36232689104,21920.257521
c16-w1-r1,16,1,1,331f6114-ebb2-4628-980c-80426f47d29a,da80de85-ca9c-4e75-a67e-efda7da15998,SUCCEEDED,14341582034,36455935098,22114.353064
c16-w1-r1,16,1,1,331f6114-ebb2-4628-980c-80426f47d29a,dc232733-85a0-4ce3-8faf-2154982f8267,SUCCEEDED,14357238773,36683010510,22325.771737
c16-w1-r1,16,1,1,331f6114-ebb2-4628-980c-80426f47d29a,88dd56d4-f1eb-4915-9acb-9ff950bab837,SUCCEEDED,33326532986,46156341896,12829.80891
c16-w1-r1,16,1,1,331f6114-ebb2-4628-980c-80426f47d29a,387e7b04-f3a2-490d-b1d9-31730b465ed0,SUCCEEDED,33555448797,46372228206,12816.779409
c16-w1-r1,16,1,1,331f6114-ebb2-4628-980c-80426f47d29a,3c877204-46a8-45d9-91ee-0b26bd100176,SUCCEEDED,33777867209,46593866385,12815.999176
c16-w1-r1,16,1,1,331f6114-ebb2-4628-980c-80426f47d29a,f36caede-76f1-45e1-be84-3bc0be435292,SUCCEEDED,33994656231,46809119972,12814.463741
c16-w1-r1,16,1,1,331f6114-ebb2-4628-980c-80426f47d29a,eaaa2791-981d-447f-89da-b2cc6c73567f,SUCCEEDED,34209651611,47039138540,12829.486929
c16-w1-r1,16,1,1,331f6114-ebb2-4628-980c-80426f47d29a,34566807-54d7-469b-b554-cdbbdaac22ce,SUCCEEDED,34458080924,47277874080,12819.793156
c16-w1-r1,16,1,1,331f6114-ebb2-4628-980c-80426f47d29a,6717acac-3329-43d0-98af-b203eec08aea,SUCCEEDED,34685332772,47504019294,12818.686522
c16-w1-r1,16,1,1,331f6114-ebb2-4628-980c-80426f47d29a,7c8f8e9f-69c7-4d8a-803c-5df2edc10517,SUCCEEDED,34932599840,47722783677,12790.183837
c16-w1-r2,16,1,2,8e3ffcb1-baad-4742-bf00-5d564c33ad62,d4d40c19-f253-41ef-8409-42c57d5c434f,SUCCEEDED,14331634354,33372719057,19041.084703
c16-w1-r2,16,1,2,8e3ffcb1-baad-4742-bf00-5d564c33ad62,a8233d93-28cc-4da3-ae0a-475ea32896ea,SUCCEEDED,14347839560,33588962509,19241.122949
c16-w1-r2,16,1,2,8e3ffcb1-baad-4742-bf00-5d564c33ad62,e7712c37-df67-47d1-8738-6ad816ff4ecd,SUCCEEDED,14362204558,33813942923,19451.738365
c16-w1-r2,16,1,2,8e3ffcb1-baad-4742-bf00-5d564c33ad62,3098f510-d5a9-48cc-9853-fc61f83f450b,SUCCEEDED,14378181331,34030492731,19652.3114
c16-w1-r2,16,1,2,8e3ffcb1-baad-4742-bf00-5d564c33ad62,0aa571d8-2b9c-4f1d-8690-9e87ba351b68,SUCCEEDED,14408688430,34250280464,19841.592034
c16-w1-r2,16,1,2,8e3ffcb1-baad-4742-bf00-5d564c33ad62,a5ad7f84-6841-4b7a-ae5c-cd6e14bfa18d,SUCCEEDED,14424067803,34481282144,20057.214341
c16-w1-r2,16,1,2,8e3ffcb1-baad-4742-bf00-5d564c33ad62,fa88e9ee-3ca2-43dd-af6d-bdbe2f51cb94,SUCCEEDED,14430707161,34706834982,20276.127821
c16-w1-r2,16,1,2,8e3ffcb1-baad-4742-bf00-5d564c33ad62,b923f097-f5ba-49b6-a994-29ff03d2b57c,SUCCEEDED,14439083142,34929733732,20490.65059
c16-w1-r2,16,1,2,8e3ffcb1-baad-4742-bf00-5d564c33ad62,39082b18-afa8-40ee-a074-237032c4edfb,SUCCEEDED,14446994461,35154821698,20707.827237
c16-w1-r2,16,1,2,8e3ffcb1-baad-4742-bf00-5d564c33ad62,43c1332e-ef68-4361-ab06-7decc79a92fb,SUCCEEDED,14454637572,35372659644,20918.022072
c16-w1-r2,16,1,2,8e3ffcb1-baad-4742-bf00-5d564c33ad62,a0272a3f-8fcd-48df-9dca-6aed00231d01,SUCCEEDED,14485030992,35598132564,21113.101572
c16-w1-r2,16,1,2,8e3ffcb1-baad-4742-bf00-5d564c33ad62,ff2dbe9c-38e9-41b4-aa1a-9db57d3443fb,SUCCEEDED,14501522219,35813734348,21312.212129
c16-w1-r2,16,1,2,8e3ffcb1-baad-4742-bf00-5d564c33ad62,cc7aaa98-2914-485b-acac-e4dcc2e73105,SUCCEEDED,14508291374,36032160682,21523.869308
c16-w1-r2,16,1,2,8e3ffcb1-baad-4742-bf00-5d564c33ad62,43c5c47e-829e-439b-949a-b833e08c2c98,SUCCEEDED,14515319148,36258080996,21742.761848
c16-w1-r2,16,1,2,8e3ffcb1-baad-4742-bf00-5d564c33ad62,18505aaf-81b8-4530-9d91-63ab595f2460,SUCCEEDED,14547061812,36482142736,21935.080924
c16-w1-r2,16,1,2,8e3ffcb1-baad-4742-bf00-5d564c33ad62,d2bde8b0-36a8-4a3a-a404-b8d7ba4eebf0,SUCCEEDED,14554923246,36697710408,22142.787162
c16-w1-r2,16,1,2,8e3ffcb1-baad-4742-bf00-5d564c33ad62,6d242175-2166-4f81-9c2b-16ac8081a56d,SUCCEEDED,33428908601,46196544072,12767.635471
c16-w1-r2,16,1,2,8e3ffcb1-baad-4742-bf00-5d564c33ad62,26a691f7-bd4f-46c2-bc8d-ded17335c732,SUCCEEDED,33652534338,46419001738,12766.4674
c16-w1-r2,16,1,2,8e3ffcb1-baad-4742-bf00-5d564c33ad62,046268a4-e922-4733-9d00-0a988b1a8df8,SUCCEEDED,33883533452,46640843659,12757.310207
c16-w1-r2,16,1,2,8e3ffcb1-baad-4742-bf00-5d564c33ad62,579d88bb-65fe-40f8-a126-6cbafa9d7693,SUCCEEDED,34114255050,46854327940,12740.07289
c16-w1-r2,16,1,2,8e3ffcb1-baad-4742-bf00-5d564c33ad62,bc11dd65-a386-435b-a2db-357e159bdcd2,SUCCEEDED,34332521083,47072339823,12739.81874
c16-w1-r2,16,1,2,8e3ffcb1-baad-4742-bf00-5d564c33ad62,3ae817d3-e42e-49e8-b740-b1b30c6ece3e,SUCCEEDED,34515087557,47298545484,12783.457927
c16-w1-r2,16,1,2,8e3ffcb1-baad-4742-bf00-5d564c33ad62,96ac5693-90a5-4f0f-908b-a6c07e0fc170,SUCCEEDED,34780309533,47515255279,12734.945746
c16-w1-r2,16,1,2,8e3ffcb1-baad-4742-bf00-5d564c33ad62,61c056aa-c9e6-4971-b57b-a69a20abdd61,SUCCEEDED,34978860255,47731477085,12752.61683
c16-w1-r3,16,1,3,bd31a209-79a6-443a-a9ee-3124a4deef1b,85661822-c82f-4f56-ab86-019c430f5778,SUCCEEDED,13909519365,32917185008,19007.665643
c16-w1-r3,16,1,3,bd31a209-79a6-443a-a9ee-3124a4deef1b,a14c4304-95a6-49b0-9b99-375fdf761ddf,SUCCEEDED,13935492871,33143337676,19207.844805
c16-w1-r3,16,1,3,bd31a209-79a6-443a-a9ee-3124a4deef1b,e100d913-e4de-4b96-baf5-74100dc0c72a,SUCCEEDED,13964434009,33368981499,19404.54749
c16-w1-r3,16,1,3,bd31a209-79a6-443a-a9ee-3124a4deef1b,2558bffa-7cb5-409e-bb95-e5346fc9f89f,SUCCEEDED,13971799770,33599374783,19627.575013
c16-w1-r3,16,1,3,bd31a209-79a6-443a-a9ee-3124a4deef1b,3f7f2e6a-7b96-48e0-a183-afe7e1bf54f0,SUCCEEDED,13977919738,33817237306,19839.317568
c16-w1-r3,16,1,3,bd31a209-79a6-443a-a9ee-3124a4deef1b,5fadaa08-251d-4e14-9035-a0816ea77fef,SUCCEEDED,13995854124,34055748860,20059.894736
c16-w1-r3,16,1,3,bd31a209-79a6-443a-a9ee-3124a4deef1b,16bb3870-a079-4469-a978-0dff2ee7df6a,SUCCEEDED,14003875709,34277566513,20273.690804
c16-w1-r3,16,1,3,bd31a209-79a6-443a-a9ee-3124a4deef1b,730aaffb-d447-4992-9e2a-7893aba799fa,SUCCEEDED,14013604922,34488818096,20475.213174
c16-w1-r3,16,1,3,bd31a209-79a6-443a-a9ee-3124a4deef1b,1e553086-5a7a-497c-96ed-3fc7b3bf2e72,SUCCEEDED,14042171542,34707142648,20664.971106
c16-w1-r3,16,1,3,bd31a209-79a6-443a-a9ee-3124a4deef1b,73a7d84d-6129-468d-aca8-ef79650605d0,SUCCEEDED,14072177012,34922622018,20850.445006
c16-w1-r3,16,1,3,bd31a209-79a6-443a-a9ee-3124a4deef1b,2e59f429-244e-43e9-aeb8-152830e7f76a,SUCCEEDED,14103994113,35151051715,21047.057602
c16-w1-r3,16,1,3,bd31a209-79a6-443a-a9ee-3124a4deef1b,078068e4-93fd-406f-8cf7-cc73a248e469,SUCCEEDED,14112233451,35371920111,21259.68666
c16-w1-r3,16,1,3,bd31a209-79a6-443a-a9ee-3124a4deef1b,30808147-d64b-424a-ac25-657dd679ec7c,SUCCEEDED,14119782505,35599639511,21479.857006
c16-w1-r3,16,1,3,bd31a209-79a6-443a-a9ee-3124a4deef1b,127bd214-eac2-4645-986b-08ae654e6b20,SUCCEEDED,14125652884,35819777143,21694.124259
c16-w1-r3,16,1,3,bd31a209-79a6-443a-a9ee-3124a4deef1b,33bda6de-80c8-4507-93cd-6b59066262f9,SUCCEEDED,14148692132,36037969988,21889.277856
c16-w1-r3,16,1,3,bd31a209-79a6-443a-a9ee-3124a4deef1b,e9588fbb-df50-4fc7-b335-a34083b3cca7,SUCCEEDED,14163343079,36258311732,22094.968653
c16-w1-r3,16,1,3,bd31a209-79a6-443a-a9ee-3124a4deef1b,da861a4d-8b8b-4a32-9895-7fb0fc2ac818,SUCCEEDED,32973533501,45679810688,12706.277187
c16-w1-r3,16,1,3,bd31a209-79a6-443a-a9ee-3124a4deef1b,57a84160-daab-4aa3-8df8-48ad997c5c7b,SUCCEEDED,33198871297,45889221164,12690.349867
c16-w1-r3,16,1,3,bd31a209-79a6-443a-a9ee-3124a4deef1b,a4f169bf-b717-45a0-93e1-ab2af41a5382,SUCCEEDED,33397886066,46116476389,12718.590323
c16-w1-r3,16,1,3,bd31a209-79a6-443a-a9ee-3124a4deef1b,77bcd118-131d-4cf5-a166-9311d2db8106,SUCCEEDED,33667509490,46340308296,12672.798806
c16-w1-r3,16,1,3,bd31a209-79a6-443a-a9ee-3124a4deef1b,e500eac9-8ac8-467c-9db2-82c8f80b9b6c,SUCCEEDED,33869482472,46566486657,12697.004185
c16-w1-r3,16,1,3,bd31a209-79a6-443a-a9ee-3124a4deef1b,88b1e720-01cf-4629-981b-cbfb53a92712,SUCCEEDED,34126945775,46787242517,12660.296742
c16-w1-r3,16,1,3,bd31a209-79a6-443a-a9ee-3124a4deef1b,c16ea7c5-d3f3-4aeb-8f6a-71b21f8f0e3a,SUCCEEDED,34341312201,47006479937,12665.167736
c16-w1-r3,16,1,3,bd31a209-79a6-443a-a9ee-3124a4deef1b,5d95f2bc-6e02-44fe-8f32-96abfb990d9b,SUCCEEDED,34535834057,47225392163,12689.558106
c16-w1-r4,16,1,4,bb9f9a04-59b9-41bb-91d0-4f40bbe0ab9c,e61512a8-275e-4960-aaab-5d839374b1b3,SUCCEEDED,13928774780,32444255049,18515.480269
c16-w1-r4,16,1,4,bb9f9a04-59b9-41bb-91d0-4f40bbe0ab9c,6f0063a0-663a-4f74-89b6-ceb907f8e132,SUCCEEDED,13935936144,32665208974,18729.27283
c16-w1-r4,16,1,4,bb9f9a04-59b9-41bb-91d0-4f40bbe0ab9c,5f9d1cb5-b8dc-4551-8e78-35595da064f7,SUCCEEDED,13943383898,32888590897,18945.206999
c16-w1-r4,16,1,4,bb9f9a04-59b9-41bb-91d0-4f40bbe0ab9c,a2df1ad6-d642-412c-9da6-eda07a2810b6,SUCCEEDED,13949988669,33105953504,19155.964835
c16-w1-r4,16,1,4,bb9f9a04-59b9-41bb-91d0-4f40bbe0ab9c,e959c393-9a7b-496b-8a78-755e020f6209,SUCCEEDED,13957899465,33319802608,19361.903143
c16-w1-r4,16,1,4,bb9f9a04-59b9-41bb-91d0-4f40bbe0ab9c,a75707e1-a6de-4cd8-b7e2-44c3e72a1607,SUCCEEDED,13988066070,33549217801,19561.151731
c16-w1-r4,16,1,4,bb9f9a04-59b9-41bb-91d0-4f40bbe0ab9c,c971f339-7da1-4566-8551-fdbe004db950,SUCCEEDED,13994630307,33775431098,19780.800791
c16-w1-r4,16,1,4,bb9f9a04-59b9-41bb-91d0-4f40bbe0ab9c,6fa8f7a5-93a4-4d10-a2bb-ec056f50baff,SUCCEEDED,13999891567,34005553079,20005.661512
c16-w1-r4,16,1,4,bb9f9a04-59b9-41bb-91d0-4f40bbe0ab9c,5b99c3c0-f6ba-4152-b951-cd399fe731aa,SUCCEEDED,14019062083,34232953751,20213.891668
c16-w1-r4,16,1,4,bb9f9a04-59b9-41bb-91d0-4f40bbe0ab9c,a82bd02f-a782-48c4-981b-186069182611,SUCCEEDED,14025976101,34451086143,20425.110042
c16-w1-r4,16,1,4,bb9f9a04-59b9-41bb-91d0-4f40bbe0ab9c,dd7b7208-ed88-47b5-b1c8-5fb21539750c,SUCCEEDED,14049008172,34668060449,20619.052277
c16-w1-r4,16,1,4,bb9f9a04-59b9-41bb-91d0-4f40bbe0ab9c,e41ecea5-a12f-43c4-9046-cb57224a5351,SUCCEEDED,14053837571,34891347209,20837.509638
c16-w1-r4,16,1,4,bb9f9a04-59b9-41bb-91d0-4f40bbe0ab9c,5484e23d-a98d-4888-b536-348f756a086e,SUCCEEDED,14078494666,35104600801,21026.106135
c16-w1-r4,16,1,4,bb9f9a04-59b9-41bb-91d0-4f40bbe0ab9c,18941410-b89d-40dc-9bc3-941f30c6c4d7,SUCCEEDED,14093362336,35321766454,21228.404118
c16-w1-r4,16,1,4,bb9f9a04-59b9-41bb-91d0-4f40bbe0ab9c,20d2e319-e158-4d53-a5aa-4f2017d2808d,SUCCEEDED,14110089230,35539423045,21429.333815
c16-w1-r4,16,1,4,bb9f9a04-59b9-41bb-91d0-4f40bbe0ab9c,2f74f640-ed62-45d7-a9f8-de78b011f4bd,SUCCEEDED,14114576288,35751145024,21636.568736
c16-w1-r4,16,1,4,bb9f9a04-59b9-41bb-91d0-4f40bbe0ab9c,23c2149c-2d2f-4952-8130-1e97a9961d7a,SUCCEEDED,32505177824,45139239553,12634.061729
c16-w1-r4,16,1,4,bb9f9a04-59b9-41bb-91d0-4f40bbe0ab9c,f0d42b61-44a1-41e5-967f-c68e382a160e,SUCCEEDED,32753426638,45363396646,12609.970008
c16-w1-r4,16,1,4,bb9f9a04-59b9-41bb-91d0-4f40bbe0ab9c,97a6db80-7133-4534-8abc-b02668d72623,SUCCEEDED,32953958176,45581366909,12627.408733
c16-w1-r4,16,1,4,bb9f9a04-59b9-41bb-91d0-4f40bbe0ab9c,e40e87ce-3aee-4b86-bf24-c786bca5d03e,SUCCEEDED,33154954820,45789302083,12634.347263
c16-w1-r4,16,1,4,bb9f9a04-59b9-41bb-91d0-4f40bbe0ab9c,b8203147-5324-4dfb-8549-9e758bc7824a,SUCCEEDED,33391274113,46001307710,12610.033597
c16-w1-r4,16,1,4,bb9f9a04-59b9-41bb-91d0-4f40bbe0ab9c,54552f83-1239-4978-86e3-22531cfba723,SUCCEEDED,33624009934,46220439774,12596.42984
c16-w1-r4,16,1,4,bb9f9a04-59b9-41bb-91d0-4f40bbe0ab9c,0c45fb0b-1a72-4eab-9de2-6efa3996b360,SUCCEEDED,33857203810,46434244883,12577.041073
c16-w1-r4,16,1,4,bb9f9a04-59b9-41bb-91d0-4f40bbe0ab9c,b0ca4dfd-4fbd-4790-9b96-4100b0d0f734,SUCCEEDED,34037833464,46660027922,12622.194458
c16-w1-r5,16,1,5,63bd559e-05cf-4b12-960f-6cdcd2f7e4ca,41b40bd7-e751-4a20-ab23-a6a3aa0db880,SUCCEEDED,13413139877,31985141174,18572.001297
c16-w1-r5,16,1,5,63bd559e-05cf-4b12-960f-6cdcd2f7e4ca,7ce21a65-98ef-4894-acdc-6feb5cc681c9,SUCCEEDED,13417953270,32199908671,18781.955401
c16-w1-r5,16,1,5,63bd559e-05cf-4b12-960f-6cdcd2f7e4ca,8b5eff41-cf4b-412e-b242-6a3ac1f60f00,SUCCEEDED,13443854381,32427383095,18983.528714
c16-w1-r5,16,1,5,63bd559e-05cf-4b12-960f-6cdcd2f7e4ca,2298fa38-9015-46fe-a2e7-94bd50d07768,SUCCEEDED,13449376993,32643318885,19193.941892
c16-w1-r5,16,1,5,63bd559e-05cf-4b12-960f-6cdcd2f7e4ca,f1eefd9a-8c65-4da4-8406-71dd5f0633cb,SUCCEEDED,13457210875,32854244916,19397.034041
c16-w1-r5,16,1,5,63bd559e-05cf-4b12-960f-6cdcd2f7e4ca,eae29fd9-434f-47d1-bb1d-354f496d6661,SUCCEEDED,13475176597,33090412673,19615.236076
c16-w1-r5,16,1,5,63bd559e-05cf-4b12-960f-6cdcd2f7e4ca,36d458ab-3c40-4e98-bba7-e96f193cec84,SUCCEEDED,13490019767,33303924762,19813.904995
c16-w1-r5,16,1,5,63bd559e-05cf-4b12-960f-6cdcd2f7e4ca,6816a779-4382-4c8e-8738-5e8b2d2731f4,SUCCEEDED,13521602792,33522409482,20000.80669
c16-w1-r5,16,1,5,63bd559e-05cf-4b12-960f-6cdcd2f7e4ca,58ead14f-f64c-4dd7-9f98-412f626c7d21,SUCCEEDED,13536041279,33739826862,20203.785583
c16-w1-r5,16,1,5,63bd559e-05cf-4b12-960f-6cdcd2f7e4ca,de4ce086-e19e-4df4-926c-e9565d3ac683,SUCCEEDED,13551893627,33964785337,20412.89171
c16-w1-r5,16,1,5,63bd559e-05cf-4b12-960f-6cdcd2f7e4ca,f5a5f37b-b2aa-424b-bf40-0cb54676c57d,SUCCEEDED,13567062968,34184352220,20617.289252
c16-w1-r5,16,1,5,63bd559e-05cf-4b12-960f-6cdcd2f7e4ca,b06c8487-91a9-43e9-a46f-358cc96216ef,SUCCEEDED,13571555245,34414218902,20842.663657
c16-w1-r5,16,1,5,63bd559e-05cf-4b12-960f-6cdcd2f7e4ca,d52b1e57-0447-4394-bb13-f80f6df85acb,SUCCEEDED,13576142372,34645630994,21069.488622
c16-w1-r5,16,1,5,63bd559e-05cf-4b12-960f-6cdcd2f7e4ca,dc2dc9e5-bae8-4324-b3f4-ebc54eb6efd3,SUCCEEDED,13581566612,34862720194,21281.153582
c16-w1-r5,16,1,5,63bd559e-05cf-4b12-960f-6cdcd2f7e4ca,f54e0c93-ba81-49b7-b0f8-a451efb111f1,SUCCEEDED,13598897472,35076015274,21477.117802
c16-w1-r5,16,1,5,63bd559e-05cf-4b12-960f-6cdcd2f7e4ca,dda71702-7f74-4a59-971c-43a0914acb2d,SUCCEEDED,13603647479,35297097799,21693.45032
c16-w1-r5,16,1,5,63bd559e-05cf-4b12-960f-6cdcd2f7e4ca,b6e8dd76-f92f-4b5c-a265-6197e14c8848,SUCCEEDED,32028669821,44498059284,12469.389463
c16-w1-r5,16,1,5,63bd559e-05cf-4b12-960f-6cdcd2f7e4ca,6c6d42ed-6521-4360-8651-6a0a67c151f8,SUCCEEDED,32259772780,44724530772,12464.757992
c16-w1-r5,16,1,5,63bd559e-05cf-4b12-960f-6cdcd2f7e4ca,54bad68e-fd71-4667-9f82-16ab7fc469f3,SUCCEEDED,32491373790,44930305237,12438.931447
c16-w1-r5,16,1,5,63bd559e-05cf-4b12-960f-6cdcd2f7e4ca,d70f2932-fcd9-4ae6-9e1e-7a96393ac34d,SUCCEEDED,32708987099,45134180716,12425.193617
c16-w1-r5,16,1,5,63bd559e-05cf-4b12-960f-6cdcd2f7e4ca,31df08da-978d-4597-a87f-e5729cfe0a95,SUCCEEDED,32887536772,45346364881,12458.828109
c16-w1-r5,16,1,5,63bd559e-05cf-4b12-960f-6cdcd2f7e4ca,c7a86e35-37d8-4e83-b977-078e73126fd3,SUCCEEDED,33158576904,45571271908,12412.695004
c16-w1-r5,16,1,5,63bd559e-05cf-4b12-960f-6cdcd2f7e4ca,e1013b90-613e-47c1-8f92-64e8c6a19c6c,SUCCEEDED,33359441592,45787844645,12428.403053
c16-w1-r5,16,1,5,63bd559e-05cf-4b12-960f-6cdcd2f7e4ca,8ca155b4-c67e-46c4-bca1-c2ab7342decc,SUCCEEDED,33575842102,46001194488,12425.352386
c16-w2-r1,16,2,1,6983bca4-bc1e-4c2e-a809-0b4c3fd4523a,13b41d16-1eb5-4508-bac4-a1fa0acec417,SUCCEEDED,12712715565,22314147469,9601.431904
c16-w2-r1,16,2,1,6983bca4-bc1e-4c2e-a809-0b4c3fd4523a,1eda2fd3-ff78-46a0-bf22-9847e959d451,SUCCEEDED,12717832060,22347574230,9629.74217
c16-w2-r1,16,2,1,6983bca4-bc1e-4c2e-a809-0b4c3fd4523a,1e1463df-7a1a-43fb-8c38-2711b533d44a,SUCCEEDED,12723274250,22532331066,9809.056816
c16-w2-r1,16,2,1,6983bca4-bc1e-4c2e-a809-0b4c3fd4523a,5f45be2d-bf94-48a7-bf10-27195cfe8cbd,SUCCEEDED,12728154585,22563472843,9835.318258
c16-w2-r1,16,2,1,6983bca4-bc1e-4c2e-a809-0b4c3fd4523a,6089a4eb-3895-41f1-9765-7115f1839bef,SUCCEEDED,12733534419,22754974602,10021.440183
c16-w2-r1,16,2,1,6983bca4-bc1e-4c2e-a809-0b4c3fd4523a,10ccd68c-21cc-4802-8e50-490c426cee6b,SUCCEEDED,12752310679,22782476267,10030.165588
c16-w2-r1,16,2,1,6983bca4-bc1e-4c2e-a809-0b4c3fd4523a,b4e09cc3-97f1-4d75-b58e-20c227b81102,SUCCEEDED,12757796787,22968059461,10210.262674
c16-w2-r1,16,2,1,6983bca4-bc1e-4c2e-a809-0b4c3fd4523a,680f7c88-73ce-4356-ab5b-f065a0358646,SUCCEEDED,12782483994,23002826222,10220.342228
c16-w2-r1,16,2,1,6983bca4-bc1e-4c2e-a809-0b4c3fd4523a,617c0161-01f6-4b07-87eb-196a16bd49ab,SUCCEEDED,12798088603,23191649366,10393.560763
c16-w2-r1,16,2,1,6983bca4-bc1e-4c2e-a809-0b4c3fd4523a,3f7768a9-5a1b-4766-8ed5-a3aec6ddad2b,SUCCEEDED,12814796002,23232324107,10417.528105
c16-w2-r1,16,2,1,6983bca4-bc1e-4c2e-a809-0b4c3fd4523a,19cf9d68-2e9c-4eab-97a0-a44dc40ca5d4,SUCCEEDED,12829082107,23421516360,10592.434253
c16-w2-r1,16,2,1,6983bca4-bc1e-4c2e-a809-0b4c3fd4523a,9f62da33-2039-472c-8315-36408e4ee29a,SUCCEEDED,12834152981,23457318155,10623.165174
c16-w2-r1,16,2,1,6983bca4-bc1e-4c2e-a809-0b4c3fd4523a,63552b09-a5eb-4735-8577-2fb99f6bd897,SUCCEEDED,12860022368,23640796444,10780.774076
c16-w2-r1,16,2,1,6983bca4-bc1e-4c2e-a809-0b4c3fd4523a,3e5194bb-88fb-4508-8e6b-f7510026eb6a,SUCCEEDED,12875091554,23672643883,10797.552329
c16-w2-r1,16,2,1,6983bca4-bc1e-4c2e-a809-0b4c3fd4523a,65f50433-3e35-4197-9550-05c8292d5836,SUCCEEDED,12890632792,23864383248,10973.750456
c16-w2-r1,16,2,1,6983bca4-bc1e-4c2e-a809-0b4c3fd4523a,0fa72e54-45c4-4c2e-9ce4-be00be2e4df5,SUCCEEDED,12896398777,23893023087,10996.62431
c16-w2-r1,16,2,1,6983bca4-bc1e-4c2e-a809-0b4c3fd4523a,31249adb-435d-417d-987c-549a5f7632b0,SUCCEEDED,22370669007,28754443156,6383.774149
c16-w2-r1,16,2,1,6983bca4-bc1e-4c2e-a809-0b4c3fd4523a,e1e30fbf-7ca0-461c-a919-7ddf656d37bb,SUCCEEDED,22399273383,28781037587,6381.764204
c16-w2-r1,16,2,1,6983bca4-bc1e-4c2e-a809-0b4c3fd4523a,89195eae-318c-41a3-9f4d-89db7fea079a,SUCCEEDED,22585053568,28969232836,6384.179268
c16-w2-r1,16,2,1,6983bca4-bc1e-4c2e-a809-0b4c3fd4523a,4dd7307a-c3af-4b33-a67e-3748fbf84d69,SUCCEEDED,22625589624,28993130205,6367.540581
c16-w2-r1,16,2,1,6983bca4-bc1e-4c2e-a809-0b4c3fd4523a,c2ce56ea-ceac-4f22-a780-6f4db7970a74,SUCCEEDED,22819393719,29189629266,6370.235547
c16-w2-r1,16,2,1,6983bca4-bc1e-4c2e-a809-0b4c3fd4523a,2ad9a53e-ccfd-487f-9121-1258b9a83a0d,SUCCEEDED,22880159176,29221317430,6341.158254
c16-w2-r1,16,2,1,6983bca4-bc1e-4c2e-a809-0b4c3fd4523a,010554cb-16e7-4f4d-8ebd-3779f822c73b,SUCCEEDED,23020958660,29406775262,6385.816602
c16-w2-r1,16,2,1,6983bca4-bc1e-4c2e-a809-0b4c3fd4523a,b1c7505b-2539-4882-a34c-db6103cb800a,SUCCEEDED,23051126198,29440591429,6389.465231
c16-w2-r2,16,2,2,762d20f1-f758-4f59-9d56-683a974e808b,23f0a809-9b78-4438-ae7c-5ef774a4adc2,SUCCEEDED,12852053339,22520534804,9668.481465
c16-w2-r2,16,2,2,762d20f1-f758-4f59-9d56-683a974e808b,4ab1f50d-6749-4887-b119-677f6d070db4,SUCCEEDED,12867204688,22552165734,9684.961046
c16-w2-r2,16,2,2,762d20f1-f758-4f59-9d56-683a974e808b,c40e11b9-1595-495c-a465-1d83384ecb77,SUCCEEDED,12882360512,22740857324,9858.496812
c16-w2-r2,16,2,2,762d20f1-f758-4f59-9d56-683a974e808b,c5eabe03-166f-4c95-b142-16adf8770d62,SUCCEEDED,12898598019,22776314228,9877.716209
c16-w2-r2,16,2,2,762d20f1-f758-4f59-9d56-683a974e808b,5c152802-e2c9-49a1-94f9-0b59e5ea5c6e,SUCCEEDED,12930417755,22965339959,10034.922204
c16-w2-r2,16,2,2,762d20f1-f758-4f59-9d56-683a974e808b,9ac79c0d-9fbb-4210-9612-669d05d4ef59,SUCCEEDED,12939485153,22994478282,10054.993129
c16-w2-r2,16,2,2,762d20f1-f758-4f59-9d56-683a974e808b,29dbc36d-1aff-4f78-8043-ab9302e5fe81,SUCCEEDED,12960893390,23198696451,10237.803061
c16-w2-r2,16,2,2,762d20f1-f758-4f59-9d56-683a974e808b,67167680-35b4-400a-9983-4d50e0c1b76b,SUCCEEDED,12966509603,23216924419,10250.414816
c16-w2-r2,16,2,2,762d20f1-f758-4f59-9d56-683a974e808b,1d711933-7c9a-4735-8889-48517d786f57,SUCCEEDED,12990767780,23431342077,10440.574297
c16-w2-r2,16,2,2,762d20f1-f758-4f59-9d56-683a974e808b,5976e478-b6d5-4dc0-a9ec-98e23ae1be09,SUCCEEDED,12995407767,23443921827,10448.51406
c16-w2-r2,16,2,2,762d20f1-f758-4f59-9d56-683a974e808b,fe44247f-6e5b-4465-86ea-97fcd05562dc,SUCCEEDED,12999584326,23664252116,10664.66779
c16-w2-r2,16,2,2,762d20f1-f758-4f59-9d56-683a974e808b,84f0ff36-1b74-4d0c-939b-fd58b028e940,SUCCEEDED,13004943108,23673667951,10668.724843
c16-w2-r2,16,2,2,762d20f1-f758-4f59-9d56-683a974e808b,8b9b1c68-854a-4ae3-9b8a-ac985f82ae5f,SUCCEEDED,13010389439,23919577075,10909.187636
c16-w2-r2,16,2,2,762d20f1-f758-4f59-9d56-683a974e808b,3ba1de96-5d9b-45d3-a562-ea3d924e7dc9,SUCCEEDED,13015883749,23934157218,10918.273469
c16-w2-r2,16,2,2,762d20f1-f758-4f59-9d56-683a974e808b,3c8856ae-f335-4693-aa22-94b718960f0d,SUCCEEDED,13022380949,24150010100,11127.629151
c16-w2-r2,16,2,2,762d20f1-f758-4f59-9d56-683a974e808b,8e5475af-17cd-4c83-9e68-00ac782e1863,SUCCEEDED,13027263546,24172315823,11145.052277
c16-w2-r2,16,2,2,762d20f1-f758-4f59-9d56-683a974e808b,541c8b46-f304-4cf3-848a-e480dcd48e5d,SUCCEEDED,22602257523,29044688373,6442.43085
c16-w2-r2,16,2,2,762d20f1-f758-4f59-9d56-683a974e808b,aaf6d476-11a8-4854-9c49-beae31a7d77b,SUCCEEDED,22619194177,29083753409,6464.559232
c16-w2-r2,16,2,2,762d20f1-f758-4f59-9d56-683a974e808b,37902922-787f-4662-acc9-6ebac8722b7d,SUCCEEDED,22770161456,29275001774,6504.840318
c16-w2-r2,16,2,2,762d20f1-f758-4f59-9d56-683a974e808b,45057a9a-7fa7-4373-8b73-91294a664a10,SUCCEEDED,22826243956,29307873663,6481.629707
c16-w2-r2,16,2,2,762d20f1-f758-4f59-9d56-683a974e808b,a9f82d8b-0d1f-4e2d-a5f1-145e7e8cd2c4,SUCCEEDED,23033964532,29502048212,6468.08368
c16-w2-r2,16,2,2,762d20f1-f758-4f59-9d56-683a974e808b,a48789d8-6766-4fd8-ad94-43825e60f1d4,SUCCEEDED,23080395949,29530120974,6449.725025
c16-w2-r2,16,2,2,762d20f1-f758-4f59-9d56-683a974e808b,3d462a62-4c54-42e9-9474-86d160b2d414,SUCCEEDED,23265749123,29713696261,6447.947138
c16-w2-r2,16,2,2,762d20f1-f758-4f59-9d56-683a974e808b,45620c9d-4783-4d2c-b0e9-101b8126446a,SUCCEEDED,23282321776,29740636819,6458.315043
c16-w2-r3,16,2,3,35befb70-37ce-41d7-828b-50705c248574,bfd1fbc4-c076-4b9c-aa47-36a0ea5ba268,SUCCEEDED,12723482838,22439986039,9716.503201
c16-w2-r3,16,2,3,35befb70-37ce-41d7-828b-50705c248574,fdfde975-0c90-4ad2-8e7f-38f186b8a036,SUCCEEDED,12729091254,22465845863,9736.754609
c16-w2-r3,16,2,3,35befb70-37ce-41d7-828b-50705c248574,a2380e05-9302-4877-bb97-6f854236e73d,SUCCEEDED,12735429846,22673485153,9938.055307
c16-w2-r3,16,2,3,35befb70-37ce-41d7-828b-50705c248574,8482c429-5058-40c7-a753-6a464038d27f,SUCCEEDED,12741625356,22693030502,9951.405146
c16-w2-r3,16,2,3,35befb70-37ce-41d7-828b-50705c248574,475075fd-83ce-4b68-8462-9e1058d8c139,SUCCEEDED,12748082744,22904491053,10156.408309
c16-w2-r3,16,2,3,35befb70-37ce-41d7-828b-50705c248574,d6c0ec93-55ea-4224-b78d-82c9eae46024,SUCCEEDED,12757900779,22926362201,10168.461422
c16-w2-r3,16,2,3,35befb70-37ce-41d7-828b-50705c248574,d81ff1a3-b98f-4372-9e73-9fca32601f70,SUCCEEDED,12763250235,23136784156,10373.533921
c16-w2-r3,16,2,3,35befb70-37ce-41d7-828b-50705c248574,b8f830b5-5981-48f1-a5db-93ec33657fdb,SUCCEEDED,12769233955,23157530053,10388.296098
c16-w2-r3,16,2,3,35befb70-37ce-41d7-828b-50705c248574,f2d15b4a-d420-45ab-8759-20928222930f,SUCCEEDED,12786122181,23357587681,10571.4655
c16-w2-r3,16,2,3,35befb70-37ce-41d7-828b-50705c248574,ea52b7db-b1e8-4ddb-9063-feaccb854864,SUCCEEDED,12815769845,23375843892,10560.074047
c16-w2-r3,16,2,3,35befb70-37ce-41d7-828b-50705c248574,f06e2d6e-4710-4415-9286-76700d3ddb46,SUCCEEDED,12830313204,23582494630,10752.181426
c16-w2-r3,16,2,3,35befb70-37ce-41d7-828b-50705c248574,8c2bc926-e78c-4a74-9fb3-64a402148e24,SUCCEEDED,12834697976,23609833731,10775.135755
c16-w2-r3,16,2,3,35befb70-37ce-41d7-828b-50705c248574,2675ae3b-7b80-4d1d-a10d-9cff398bb038,SUCCEEDED,12839384153,23797189566,10957.805413
c16-w2-r3,16,2,3,35befb70-37ce-41d7-828b-50705c248574,89674645-cb6b-487c-920f-597504e3ce5e,SUCCEEDED,12844544393,23823989247,10979.444854
c16-w2-r3,16,2,3,35befb70-37ce-41d7-828b-50705c248574,83f3656e-fd46-48dd-b85d-d50c9c3a6310,SUCCEEDED,12850474490,24020901441,11170.426951
c16-w2-r3,16,2,3,35befb70-37ce-41d7-828b-50705c248574,f15ff38c-0324-4787-8c1e-35f7b2d9a380,SUCCEEDED,12855251324,24043840727,11188.589403
c16-w2-r3,16,2,3,35befb70-37ce-41d7-828b-50705c248574,a66b44b7-2c1f-4e0f-aaf2-5254500519f4,SUCCEEDED,22468179589,28874374716,6406.195127
c16-w2-r3,16,2,3,35befb70-37ce-41d7-828b-50705c248574,6c247c27-be48-4728-9975-60054c723865,SUCCEEDED,22496164217,28903491623,6407.327406
c16-w2-r3,16,2,3,35befb70-37ce-41d7-828b-50705c248574,cbf7e80f-fc2f-45d7-b2ea-0a7cbc127317,SUCCEEDED,22730294459,29096836573,6366.542114
c16-w2-r3,16,2,3,35befb70-37ce-41d7-828b-50705c248574,947fd723-32bc-4951-b3c3-c6fdc421ddbb,SUCCEEDED,22772417474,29126141321,6353.723847
c16-w2-r3,16,2,3,35befb70-37ce-41d7-828b-50705c248574,e92cbc95-0a78-41ad-b9aa-b0bd996f5587,SUCCEEDED,22935258179,29320387972,6385.129793
c16-w2-r3,16,2,3,35befb70-37ce-41d7-828b-50705c248574,57eacd04-2acb-41be-af62-6b41fbd8e746,SUCCEEDED,22977584629,29343653974,6366.069345
c16-w2-r3,16,2,3,35befb70-37ce-41d7-828b-50705c248574,ba7d0f68-e96f-434a-ac94-1b218f229df8,SUCCEEDED,23179299173,29531876532,6352.577359
c16-w2-r3,16,2,3,35befb70-37ce-41d7-828b-50705c248574,aca84dff-e26e-4a39-b2a5-f27f26ef26cc,SUCCEEDED,23222885155,29557856224,6334.971069
c16-w2-r4,16,2,4,5a420581-d837-4d64-b246-073a30d464ab,c26aff19-4436-4f34-9b97-a4325cb4c477,SUCCEEDED,12803320488,22378024856,9574.704368
c16-w2-r4,16,2,4,5a420581-d837-4d64-b246-073a30d464ab,a0eaf328-6cef-43b2-b8cf-f19f1f505742,SUCCEEDED,12831788097,22523553499,9691.765402
c16-w2-r4,16,2,4,5a420581-d837-4d64-b246-073a30d464ab,d60baaf3-8c34-486f-87e4-60741306cbb8,SUCCEEDED,12837534227,22610517825,9772.983598
c16-w2-r4,16,2,4,5a420581-d837-4d64-b246-073a30d464ab,26a41a14-94c7-411b-bbcd-ae82392ab314,SUCCEEDED,12862218671,22743805000,9881.586329
c16-w2-r4,16,2,4,5a420581-d837-4d64-b246-073a30d464ab,049f436b-6d70-468a-a384-1f8471d33cd8,SUCCEEDED,12867029589,22831156878,9964.127289
c16-w2-r4,16,2,4,5a420581-d837-4d64-b246-073a30d464ab,e986c16f-f1fa-4ec6-bfac-ab2b8743ded5,SUCCEEDED,12873014622,22970892772,10097.87815
c16-w2-r4,16,2,4,5a420581-d837-4d64-b246-073a30d464ab,d47c15a3-85a0-4ab3-869a-6dca11294d54,SUCCEEDED,12878677874,23065642219,10186.964345
c16-w2-r4,16,2,4,5a420581-d837-4d64-b246-073a30d464ab,5af4dfdc-03d9-4cba-bdaa-2756e46dcbc5,SUCCEEDED,12884950360,23186201674,10301.251314
c16-w2-r4,16,2,4,5a420581-d837-4d64-b246-073a30d464ab,4162af33-163b-45e4-89c8-8c65360acba3,SUCCEEDED,12890663080,23290302162,10399.639082
c16-w2-r4,16,2,4,5a420581-d837-4d64-b246-073a30d464ab,ae6acaac-bdb2-4a26-b2df-e3cb48e67ce2,SUCCEEDED,12896449225,23414931369,10518.482144
c16-w2-r4,16,2,4,5a420581-d837-4d64-b246-073a30d464ab,4ddaa5aa-8d2f-4504-9d39-eb0fc0ff3477,SUCCEEDED,12902263969,23522926618,10620.662649
c16-w2-r4,16,2,4,5a420581-d837-4d64-b246-073a30d464ab,f1b61423-58d1-4a30-955e-8f3230f620c9,SUCCEEDED,12907682454,23646748470,10739.066016
c16-w2-r4,16,2,4,5a420581-d837-4d64-b246-073a30d464ab,28ef6af4-2289-4d3e-a2e0-5a7a4268a826,SUCCEEDED,12922890712,23744541665,10821.650953
c16-w2-r4,16,2,4,5a420581-d837-4d64-b246-073a30d464ab,c63eaa5d-c8e9-4298-bfb3-2bd075a5d787,SUCCEEDED,12928213360,23866435205,10938.221845
c16-w2-r4,16,2,4,5a420581-d837-4d64-b246-073a30d464ab,b084aed4-c16f-4dd7-9981-5d71f68830d1,SUCCEEDED,12955292119,23958920817,11003.628698
c16-w2-r4,16,2,4,5a420581-d837-4d64-b246-073a30d464ab,57a47e81-7586-4d7d-93dc-e738455481ca,SUCCEEDED,12960062992,24081571172,11121.50818
c16-w2-r4,16,2,4,5a420581-d837-4d64-b246-073a30d464ab,e2ac8e76-6cba-4716-bac9-cc74613920bf,SUCCEEDED,22450987793,28824173885,6373.186092
c16-w2-r4,16,2,4,5a420581-d837-4d64-b246-073a30d464ab,8db65a07-1a24-47c6-a0e6-ccf8e8bd5779,SUCCEEDED,22577055606,28978701874,6401.646268
c16-w2-r4,16,2,4,5a420581-d837-4d64-b246-073a30d464ab,61ee4b53-52a0-4c1c-bde0-1964c55d6cd3,SUCCEEDED,22646694031,29049581654,6402.887623
c16-w2-r4,16,2,4,5a420581-d837-4d64-b246-073a30d464ab,32ca8997-cb78-4108-b48e-271c42fdf977,SUCCEEDED,22827110199,29201748882,6374.638683
c16-w2-r4,16,2,4,5a420581-d837-4d64-b246-073a30d464ab,6ad2985e-9d19-428c-b8ea-e88380ed5a18,SUCCEEDED,22855599376,29261072758,6405.473382
c16-w2-r4,16,2,4,5a420581-d837-4d64-b246-073a30d464ab,318a1f80-c433-44dd-aa87-ef8809541400,SUCCEEDED,23039839998,29411302315,6371.462317
c16-w2-r4,16,2,4,5a420581-d837-4d64-b246-073a30d464ab,1bec5dbd-c499-48fd-8708-6c885707a085,SUCCEEDED,23113102888,29487881995,6374.779107
c16-w2-r4,16,2,4,5a420581-d837-4d64-b246-073a30d464ab,4c4cb4fa-340b-4867-925a-1cac73162bdd,SUCCEEDED,23252680132,29638465339,6385.785207
c16-w2-r5,16,2,5,b246b30d-c267-4228-b2dd-ad0d3b1babf9,ab7866fc-acd5-48f9-896a-95f58317ccea,SUCCEEDED,12610121581,22284111855,9673.990274
c16-w2-r5,16,2,5,b246b30d-c267-4228-b2dd-ad0d3b1babf9,b8ba7755-150b-4bbd-b633-20eee28dfde3,SUCCEEDED,12625990128,22320807331,9694.817203
c16-w2-r5,16,2,5,b246b30d-c267-4228-b2dd-ad0d3b1babf9,ca291420-e02e-460f-aab7-d6c7399d5647,SUCCEEDED,12641752444,22513835727,9872.083283
c16-w2-r5,16,2,5,b246b30d-c267-4228-b2dd-ad0d3b1babf9,005492c6-0e16-496a-a374-fdad49455228,SUCCEEDED,12647117181,22544919516,9897.802335
c16-w2-r5,16,2,5,b246b30d-c267-4228-b2dd-ad0d3b1babf9,c147463a-179a-4384-852e-66eb5424b0f1,SUCCEEDED,12652182364,22725164021,10072.981657
c16-w2-r5,16,2,5,b246b30d-c267-4228-b2dd-ad0d3b1babf9,55e6d8e7-6ca1-479c-b8b1-e9689f822185,SUCCEEDED,12660787558,22762199384,10101.411826
c16-w2-r5,16,2,5,b246b30d-c267-4228-b2dd-ad0d3b1babf9,95440d63-d6a4-478e-a108-8839a5171b1a,SUCCEEDED,12666120371,22957280059,10291.159688
c16-w2-r5,16,2,5,b246b30d-c267-4228-b2dd-ad0d3b1babf9,e63a9164-1bbf-44d9-92d2-93704d7ac836,SUCCEEDED,12671073865,22983149433,10312.075568
c16-w2-r5,16,2,5,b246b30d-c267-4228-b2dd-ad0d3b1babf9,6acad152-b767-403d-a94a-85590554f51b,SUCCEEDED,12675478818,23186643649,10511.164831
c16-w2-r5,16,2,5,b246b30d-c267-4228-b2dd-ad0d3b1babf9,107917e4-9c62-4493-a641-e0b2ed07874a,SUCCEEDED,12679983879,23212513253,10532.529374
c16-w2-r5,16,2,5,b246b30d-c267-4228-b2dd-ad0d3b1babf9,b3ffc2f8-3621-4940-87f8-8912484e3d12,SUCCEEDED,12683942471,23417439476,10733.497005
c16-w2-r5,16,2,5,b246b30d-c267-4228-b2dd-ad0d3b1babf9,fbf22413-8f77-4b48-82c5-fadcebaa0726,SUCCEEDED,12690210133,23442939488,10752.729355
c16-w2-r5,16,2,5,b246b30d-c267-4228-b2dd-ad0d3b1babf9,0f8e742c-0dcb-4e89-989d-53f156484ff4,SUCCEEDED,12696022191,23643754052,10947.731861
c16-w2-r5,16,2,5,b246b30d-c267-4228-b2dd-ad0d3b1babf9,5135db11-a209-4c7a-9ca3-6bfeeb2c48b4,SUCCEEDED,12719083453,23669446271,10950.362818
c16-w2-r5,16,2,5,b246b30d-c267-4228-b2dd-ad0d3b1babf9,aea70d74-6d25-40f7-92de-833d2b25f417,SUCCEEDED,12723714593,23871268243,11147.55365
c16-w2-r5,16,2,5,b246b30d-c267-4228-b2dd-ad0d3b1babf9,ec08a6e5-8377-4fee-b3da-9f640108271f,SUCCEEDED,12728214542,23896820626,11168.606084
c16-w2-r5,16,2,5,b246b30d-c267-4228-b2dd-ad0d3b1babf9,bb03bb32-2aa0-4035-95ec-f385ab429f5c,SUCCEEDED,22333510065,28729526448,6396.016383
c16-w2-r5,16,2,5,b246b30d-c267-4228-b2dd-ad0d3b1babf9,0ff9ee21-68fe-4ea6-ba02-587d466e1140,SUCCEEDED,22380841503,28772829847,6391.988344
c16-w2-r5,16,2,5,b246b30d-c267-4228-b2dd-ad0d3b1babf9,de64a5f3-d98e-4075-b171-130bb28ecda5,SUCCEEDED,22547320397,28953566435,6406.246038
c16-w2-r5,16,2,5,b246b30d-c267-4228-b2dd-ad0d3b1babf9,4a36d1ad-10dd-4de2-99e5-84c61ccea3e5,SUCCEEDED,22601467092,28997063147,6395.596055
c16-w2-r5,16,2,5,b246b30d-c267-4228-b2dd-ad0d3b1babf9,cd722857-5b2a-4c29-b822-d409d5f8c110,SUCCEEDED,22804158777,29172800860,6368.642083
c16-w2-r5,16,2,5,b246b30d-c267-4228-b2dd-ad0d3b1babf9,8c66ea5b-1fe8-4f49-97c4-b73d1a6c1226,SUCCEEDED,22867787494,29215672900,6347.885406
c16-w2-r5,16,2,5,b246b30d-c267-4228-b2dd-ad0d3b1babf9,26fb4b93-7583-4851-9ed4-7ccf3a6171a4,SUCCEEDED,23010699050,29393286881,6382.587831
c16-w2-r5,16,2,5,b246b30d-c267-4228-b2dd-ad0d3b1babf9,b1833098-274e-4e78-9820-ba96761cdcec,SUCCEEDED,23015842131,29440020192,6424.178061
c16-w4-r1,16,4,1,c22cd135-5ecc-4c44-ba3f-09c522312001,63693d01-dc38-4c4f-9477-382b78b92504,SUCCEEDED,15237140101,20278040042,5040.899941
c16-w4-r1,16,4,1,c22cd135-5ecc-4c44-ba3f-09c522312001,b7532298-3837-4ddd-8d14-005cf019db07,SUCCEEDED,15242782568,20364219127,5121.436559
c16-w4-r1,16,4,1,c22cd135-5ecc-4c44-ba3f-09c522312001,e60ba32a-c93a-4411-92d9-17f9d67a7423,SUCCEEDED,15248760841,20387156639,5138.395798
c16-w4-r1,16,4,1,c22cd135-5ecc-4c44-ba3f-09c522312001,0e57b0d2-2b2e-413c-8d7f-92a79af1a177,SUCCEEDED,15254188210,20414836676,5160.648466
c16-w4-r1,16,4,1,c22cd135-5ecc-4c44-ba3f-09c522312001,ae19ba77-ba86-4821-95de-00ba71f72ce4,SUCCEEDED,15258822846,20504018661,5245.195815
c16-w4-r1,16,4,1,c22cd135-5ecc-4c44-ba3f-09c522312001,c163ec47-0301-4f76-9904-e476fa460c57,SUCCEEDED,15264096892,20591449020,5327.352128
c16-w4-r1,16,4,1,c22cd135-5ecc-4c44-ba3f-09c522312001,a01b4733-e78e-48f1-938f-85b21bc23ef6,SUCCEEDED,15270540080,20620864616,5350.324536
c16-w4-r1,16,4,1,c22cd135-5ecc-4c44-ba3f-09c522312001,f7862b78-a267-4aed-b9a2-b8836bd90030,SUCCEEDED,15275838188,20648422021,5372.583833
c16-w4-r1,16,4,1,c22cd135-5ecc-4c44-ba3f-09c522312001,d304893f-8503-424d-a0f4-97ee46861f62,SUCCEEDED,15280785076,20738271500,5457.486424
c16-w4-r1,16,4,1,c22cd135-5ecc-4c44-ba3f-09c522312001,534a1f84-884d-41e2-aaaf-bb558d955240,SUCCEEDED,15308414475,20823899611,5515.485136
c16-w4-r1,16,4,1,c22cd135-5ecc-4c44-ba3f-09c522312001,89795943-52d4-4f86-b885-2434c4526f62,SUCCEEDED,15323601144,20849401888,5525.800744
c16-w4-r1,16,4,1,c22cd135-5ecc-4c44-ba3f-09c522312001,d4128a5d-7ef1-4222-af29-c32549f2f5ca,SUCCEEDED,15329576079,20886242829,5556.66675
c16-w4-r1,16,4,1,c22cd135-5ecc-4c44-ba3f-09c522312001,d360a19c-c69b-4e95-9d3e-13a641d0b3cc,SUCCEEDED,15335535887,20961550293,5626.014406
c16-w4-r1,16,4,1,c22cd135-5ecc-4c44-ba3f-09c522312001,3ada59e1-799a-4ca3-8bf5-13d66583b88f,SUCCEEDED,15341572965,21042344829,5700.771864
c16-w4-r1,16,4,1,c22cd135-5ecc-4c44-ba3f-09c522312001,bced2cc4-cde1-4390-a2ea-09a1039d70b3,SUCCEEDED,15348228633,21066727123,5718.49849
c16-w4-r1,16,4,1,c22cd135-5ecc-4c44-ba3f-09c522312001,bcc369a0-04eb-4aa9-8fb3-4ed750d0c562,SUCCEEDED,15355007367,21105618586,5750.611219
c16-w4-r1,16,4,1,c22cd135-5ecc-4c44-ba3f-09c522312001,d238958d-c44d-45d6-be9d-fc904e12d69b,SUCCEEDED,20329413885,23527701272,3198.287387
c16-w4-r1,16,4,1,c22cd135-5ecc-4c44-ba3f-09c522312001,453b06d2-82b3-4981-a3fe-0698d6331ecf,SUCCEEDED,20427217037,23643850648,3216.633611
c16-w4-r1,16,4,1,c22cd135-5ecc-4c44-ba3f-09c522312001,fcd9ea1c-ea8a-4747-bc8a-8a5c7489ce63,SUCCEEDED,20432313185,23669816233,3237.503048
c16-w4-r1,16,4,1,c22cd135-5ecc-4c44-ba3f-09c522312001,3ef07931-7b9f-414f-b660-7daa0cf048fd,SUCCEEDED,20472139596,23682834536,3210.69494
c16-w4-r1,16,4,1,c22cd135-5ecc-4c44-ba3f-09c522312001,06f1c469-b742-4151-a92d-6064663e2896,SUCCEEDED,20538189931,23745085022,3206.895091
c16-w4-r1,16,4,1,c22cd135-5ecc-4c44-ba3f-09c522312001,241ede17-6e9f-45aa-86a1-2c88a00bc669,SUCCEEDED,20644102024,23865052364,3220.95034
c16-w4-r1,16,4,1,c22cd135-5ecc-4c44-ba3f-09c522312001,b5f19ced-c9a5-4ae4-8fb1-0a582c1639fb,SUCCEEDED,20677655061,23888026704,3210.371643
c16-w4-r1,16,4,1,c22cd135-5ecc-4c44-ba3f-09c522312001,fae0f62c-0c6e-4b21-9bb5-12ce437c7e40,SUCCEEDED,20683225495,23907477491,3224.251996
c16-w4-r2,16,4,2,78322012-cc67-4209-b4e9-81b8208320b7,c87d9a50-25f1-416b-a9fb-170d3d3ae40e,SUCCEEDED,15237361232,20345907715,5108.546483
c16-w4-r2,16,4,2,78322012-cc67-4209-b4e9-81b8208320b7,901aa6af-77f0-4f84-a3ac-9edc88163368,SUCCEEDED,15241052635,20392318797,5151.266162
c16-w4-r2,16,4,2,78322012-cc67-4209-b4e9-81b8208320b7,74c2a7e7-6669-4e2f-94f5-24608e7a6972,SUCCEEDED,15244389960,20438452276,5194.062316
c16-w4-r2,16,4,2,78322012-cc67-4209-b4e9-81b8208320b7,84e0838a-8120-416a-a009-be862a4afd48,SUCCEEDED,15249648654,20493357682,5243.709028
c16-w4-r2,16,4,2,78322012-cc67-4209-b4e9-81b8208320b7,57c65b36-6371-4eee-a9f7-9ba71ea3c7c4,SUCCEEDED,15255161290,20580117470,5324.95618
c16-w4-r2,16,4,2,78322012-cc67-4209-b4e9-81b8208320b7,28815977-9061-4885-85c3-9bf30e723f3b,SUCCEEDED,15261756008,20623766437,5362.010429
c16-w4-r2,16,4,2,78322012-cc67-4209-b4e9-81b8208320b7,f9b464ce-aa61-4454-b5eb-416943d59f1f,SUCCEEDED,15267604003,20675065645,5407.461642
c16-w4-r2,16,4,2,78322012-cc67-4209-b4e9-81b8208320b7,fa09dae7-a55a-4254-8d8e-15b84f009ebc,SUCCEEDED,15272133139,20725181310,5453.048171
c16-w4-r2,16,4,2,78322012-cc67-4209-b4e9-81b8208320b7,00278f14-d588-452c-ab6f-8b407373f9e0,SUCCEEDED,15299116378,20806009726,5506.893348
c16-w4-r2,16,4,2,78322012-cc67-4209-b4e9-81b8208320b7,70b482af-3d9f-4f82-85d8-06f0d4ea921d,SUCCEEDED,15304777243,20852913218,5548.135975
c16-w4-r2,16,4,2,78322012-cc67-4209-b4e9-81b8208320b7,571aa060-edcc-4d4a-a81f-3dd7bff39e99,SUCCEEDED,15310699887,20902354771,5591.654884
c16-w4-r2,16,4,2,78322012-cc67-4209-b4e9-81b8208320b7,7b5296d2-7d24-4396-9067-77df3ca8a5f8,SUCCEEDED,15317267846,20948993196,5631.72535
c16-w4-r2,16,4,2,78322012-cc67-4209-b4e9-81b8208320b7,45ff8782-e421-4f72-b488-5ebcd449aef6,SUCCEEDED,15323559575,21030206022,5706.646447
c16-w4-r2,16,4,2,78322012-cc67-4209-b4e9-81b8208320b7,a3e8d4f8-62a4-4233-b7ed-9b226ea2a495,SUCCEEDED,15329365248,21077756988,5748.39174
c16-w4-r2,16,4,2,78322012-cc67-4209-b4e9-81b8208320b7,e8017b85-71ef-468a-a668-42778845971a,SUCCEEDED,15336196397,21119562671,5783.366274
c16-w4-r2,16,4,2,78322012-cc67-4209-b4e9-81b8208320b7,41f1686f-deaa-4ca1-b1f5-dc039d5d381d,SUCCEEDED,15341724290,21166589236,5824.864946
c16-w4-r2,16,4,2,78322012-cc67-4209-b4e9-81b8208320b7,2720ec55-7692-46ef-9383-2db26fc09f7f,SUCCEEDED,20379616818,23603530297,3223.913479
c16-w4-r2,16,4,2,78322012-cc67-4209-b4e9-81b8208320b7,e402cfae-86ba-4b82-8472-95cad1ee6758,SUCCEEDED,20438714361,23658648595,3219.934234
c16-w4-r2,16,4,2,78322012-cc67-4209-b4e9-81b8208320b7,34f1f96d-8fbe-44f7-8852-6482b7819413,SUCCEEDED,20471351991,23724953760,3253.601769
c16-w4-r2,16,4,2,78322012-cc67-4209-b4e9-81b8208320b7,1210c8aa-3b5f-423a-90b9-6d8ac20d9041,SUCCEEDED,20525067793,23740818462,3215.750669
c16-w4-r2,16,4,2,78322012-cc67-4209-b4e9-81b8208320b7,994a0aea-7f45-4be2-ba56-f9e4d0df6b92,SUCCEEDED,20625839274,23829711994,3203.87272
c16-w4-r2,16,4,2,78322012-cc67-4209-b4e9-81b8208320b7,2895d756-0d51-4fb7-aa7a-fb725959955e,SUCCEEDED,20667997129,23881181211,3213.184082
c16-w4-r2,16,4,2,78322012-cc67-4209-b4e9-81b8208320b7,88604101-2cb2-467e-b27d-83ed94c67213,SUCCEEDED,20761715855,23949765342,3188.049487
c16-w4-r2,16,4,2,78322012-cc67-4209-b4e9-81b8208320b7,512681bd-023a-4ce6-824a-bb3a737c8953,SUCCEEDED,20801557020,23970717997,3169.160977
c16-w4-r3,16,4,3,8176733b-4954-4dc6-85a2-58fa585955d4,8be1965b-3f6a-4e90-8f0a-788b672e5e9f,SUCCEEDED,16060276349,21021604337,4961.327988
c16-w4-r3,16,4,3,8176733b-4954-4dc6-85a2-58fa585955d4,09ae603c-7f44-4c8b-ac5e-d31ba76e7f84,SUCCEEDED,16076191392,21242509010,5166.317618
c16-w4-r3,16,4,3,8176733b-4954-4dc6-85a2-58fa585955d4,3164c438-5d5d-401a-876a-a20d7b4c2955,SUCCEEDED,16108084077,21251354624,5143.270547
c16-w4-r3,16,4,3,8176733b-4954-4dc6-85a2-58fa585955d4,aada6e12-3952-4c57-a2ae-314284d542e5,SUCCEEDED,16114850522,21319062972,5204.21245
c16-w4-r3,16,4,3,8176733b-4954-4dc6-85a2-58fa585955d4,8586147a-001c-4eb1-8340-fc7662fc7dc3,SUCCEEDED,16131465962,21422713031,5291.247069
c16-w4-r3,16,4,3,8176733b-4954-4dc6-85a2-58fa585955d4,d39f203b-4257-461d-a46f-59b147c014cf,SUCCEEDED,16124358996,21468550308,5344.191312
c16-w4-r3,16,4,3,8176733b-4954-4dc6-85a2-58fa585955d4,b1304fa1-f557-4042-9fb8-e0526174a5ef,SUCCEEDED,16140457939,21476732998,5336.275059
c16-w4-r3,16,4,3,8176733b-4954-4dc6-85a2-58fa585955d4,5c20be74-a492-4b72-b775-2b5139cd0f45,SUCCEEDED,16172761644,21550614588,5377.852944
c16-w4-r3,16,4,3,8176733b-4954-4dc6-85a2-58fa585955d4,ceba74ee-b2ae-4a68-bf0e-712786473edb,SUCCEEDED,16200190732,21656015546,5455.824814
c16-w4-r3,16,4,3,8176733b-4954-4dc6-85a2-58fa585955d4,824772ba-526e-4f9f-91a0-fbb77c5ecd93,SUCCEEDED,16230873008,21700262502,5469.389494
c16-w4-r3,16,4,3,8176733b-4954-4dc6-85a2-58fa585955d4,35567f1f-809f-4ec1-9509-d078eac60792,SUCCEEDED,16215252034,21710800194,5495.54816
c16-w4-r3,16,4,3,8176733b-4954-4dc6-85a2-58fa585955d4,6ca7c88c-9253-4359-8e25-d18747a4fd22,SUCCEEDED,16246115570,21780160512,5534.044942
c16-w4-r3,16,4,3,8176733b-4954-4dc6-85a2-58fa585955d4,68da588a-1e0c-47a7-bb4c-1c3085b62dc2,SUCCEEDED,16267224788,21882163203,5614.938415
c16-w4-r3,16,4,3,8176733b-4954-4dc6-85a2-58fa585955d4,95db54f1-4197-42af-84ac-b97ddc297f08,SUCCEEDED,16261472191,21918019513,5656.547322
c16-w4-r3,16,4,3,8176733b-4954-4dc6-85a2-58fa585955d4,58cbb7ca-803e-44de-8f17-b8daa88a359d,SUCCEEDED,16274272304,22009176655,5734.904351
c16-w4-r3,16,4,3,8176733b-4954-4dc6-85a2-58fa585955d4,6813db16-489b-4d39-bbec-c575e4d5e72a,SUCCEEDED,16282142725,22095384405,5813.24168
c16-w4-r3,16,4,3,8176733b-4954-4dc6-85a2-58fa585955d4,e2a70066-7bfb-464d-b256-8d78722f5a68,SUCCEEDED,21083003334,24446753300,3363.749966
c16-w4-r3,16,4,3,8176733b-4954-4dc6-85a2-58fa585955d4,dd9e49c2-599e-4f58-8cad-8f183817e837,SUCCEEDED,21291050339,24481816126,3190.765787
c16-w4-r3,16,4,3,8176733b-4954-4dc6-85a2-58fa585955d4,19d7611e-e5bd-4c56-9b47-bc75e928d981,SUCCEEDED,21296050763,24523807776,3227.757013
c16-w4-r3,16,4,3,8176733b-4954-4dc6-85a2-58fa585955d4,41d10078-4927-471c-8d3d-698e83b64fc9,SUCCEEDED,21348331477,24607272086,3258.940609
c16-w4-r3,16,4,3,8176733b-4954-4dc6-85a2-58fa585955d4,3f087aee-a3c2-48e3-8bcd-a65688eeb414,SUCCEEDED,21506169051,24673252628,3167.083577
c16-w4-r3,16,4,3,8176733b-4954-4dc6-85a2-58fa585955d4,03f4a2b8-49b6-411b-9fdf-1fbe9c3d1ffe,SUCCEEDED,21537565713,24711257165,3173.691452
c16-w4-r3,16,4,3,8176733b-4954-4dc6-85a2-58fa585955d4,2372596d-e4ba-4578-bf13-4a62a91220ab,SUCCEEDED,21544924449,24742912304,3197.987855
c16-w4-r3,16,4,3,8176733b-4954-4dc6-85a2-58fa585955d4,17fae23f-6406-440d-b02a-d80a2cdd246f,SUCCEEDED,21613673871,24829071275,3215.397404
c16-w4-r4,16,4,4,39ecdbc9-4438-4116-8a8a-a268b757e1d2,9d5f4d90-1f7b-4422-9e8d-b3372f9c9e75,SUCCEEDED,15073466155,19963253944,4889.787789
c16-w4-r4,16,4,4,39ecdbc9-4438-4116-8a8a-a268b757e1d2,50636b44-e9d4-4886-881a-38210e259077,SUCCEEDED,15077453750,20023113436,4945.659686
c16-w4-r4,16,4,4,39ecdbc9-4438-4116-8a8a-a268b757e1d2,dfcfcdcb-69e7-4478-a3b7-b14851a46387,SUCCEEDED,15081327799,20045901073,4964.573274
c16-w4-r4,16,4,4,39ecdbc9-4438-4116-8a8a-a268b757e1d2,2248bf89-f3a6-4395-9f13-aecfc5bfc316,SUCCEEDED,15086570702,20072262867,4985.692165
c16-w4-r4,16,4,4,39ecdbc9-4438-4116-8a8a-a268b757e1d2,8726b68f-57ea-4468-ac0d-0a8cb6f8af60,SUCCEEDED,15108039889,20185198462,5077.158573
c16-w4-r4,16,4,4,39ecdbc9-4438-4116-8a8a-a268b757e1d2,d14cfd8b-9a62-4b0d-9f4b-397785034b09,SUCCEEDED,15112530369,20247636464,5135.106095
c16-w4-r4,16,4,4,39ecdbc9-4438-4116-8a8a-a268b757e1d2,9953479a-e198-4cc3-a593-1c9088490f56,SUCCEEDED,15116827619,20265027668,5148.200049
c16-w4-r4,16,4,4,39ecdbc9-4438-4116-8a8a-a268b757e1d2,f3e82867-504d-4b28-8dcb-6eb953a85520,SUCCEEDED,15121731302,20294177462,5172.44616
c16-w4-r4,16,4,4,39ecdbc9-4438-4116-8a8a-a268b757e1d2,44c31ecd-784a-43ef-b060-be3ec26d3a70,SUCCEEDED,15125917014,20415868618,5289.951604
c16-w4-r4,16,4,4,39ecdbc9-4438-4116-8a8a-a268b757e1d2,9e03a66b-f68c-46e6-99f6-6a6ea0f6ac44,SUCCEEDED,15130162288,20480274562,5350.112274
c16-w4-r4,16,4,4,39ecdbc9-4438-4116-8a8a-a268b757e1d2,8cba39cd-b133-4bf1-8a9e-9cb7f856abb5,SUCCEEDED,15153097043,20491469135,5338.372092
c16-w4-r4,16,4,4,39ecdbc9-4438-4116-8a8a-a268b757e1d2,430f9891-7a71-4e5e-8572-1c7344d094fa,SUCCEEDED,15169472165,20517676910,5348.204745
c16-w4-r4,16,4,4,39ecdbc9-4438-4116-8a8a-a268b757e1d2,be65853a-f6a8-4dd6-9fd6-e34a5473a3df,SUCCEEDED,15199714753,20634429489,5434.714736
c16-w4-r4,16,4,4,39ecdbc9-4438-4116-8a8a-a268b757e1d2,72a7300d-c2a4-43ad-aeed-14a312f1aab2,SUCCEEDED,15204554914,20702581050,5498.026136
c16-w4-r4,16,4,4,39ecdbc9-4438-4116-8a8a-a268b757e1d2,40b17afe-016a-4b53-acff-2f0ef4183282,SUCCEEDED,15210547181,20717668327,5507.121146
c16-w4-r4,16,4,4,39ecdbc9-4438-4116-8a8a-a268b757e1d2,05b1a8dc-8726-45a5-a8b8-a6b80de9119d,SUCCEEDED,15215528221,20733121427,5517.593206
c16-w4-r4,16,4,4,39ecdbc9-4438-4116-8a8a-a268b757e1d2,f0614c91-66f8-4ff8-b3b1-67319f359702,SUCCEEDED,20023437147,23197289016,3173.851869
c16-w4-r4,16,4,4,39ecdbc9-4438-4116-8a8a-a268b757e1d2,c446f01b-86fb-455e-b993-b7bcd45c0b99,SUCCEEDED,20054717970,23232210796,3177.492826
c16-w4-r4,16,4,4,39ecdbc9-4438-4116-8a8a-a268b757e1d2,baf25e14-6ba2-4b99-bc70-068ce34d12c6,SUCCEEDED,20099053776,23249853894,3150.800118
c16-w4-r4,16,4,4,39ecdbc9-4438-4116-8a8a-a268b757e1d2,5dd05193-777d-4561-b7ca-422771ab2411,SUCCEEDED,20161356601,23275640338,3114.283737
c16-w4-r4,16,4,4,39ecdbc9-4438-4116-8a8a-a268b757e1d2,d98cc1c0-d483-4c71-b4d8-8614656e33f7,SUCCEEDED,20222513509,23416969889,3194.45638
c16-w4-r4,16,4,4,39ecdbc9-4438-4116-8a8a-a268b757e1d2,ca336f41-be0d-425f-bf0c-bad5d391d6c5,SUCCEEDED,20316906091,23445000056,3128.093965
c16-w4-r4,16,4,4,39ecdbc9-4438-4116-8a8a-a268b757e1d2,c650bae4-6a5f-4b5a-b9b9-a7404895535f,SUCCEEDED,20332241780,23464952185,3132.710405
c16-w4-r4,16,4,4,39ecdbc9-4438-4116-8a8a-a268b757e1d2,dfc2ec90-b12f-4704-ac03-28a98c558547,SUCCEEDED,20396479745,23486468256,3089.988511
c16-w4-r5,16,4,5,fe0f5a82-3e07-4b39-85f5-753e94e39da7,fee7b1aa-11c3-4421-8d0d-97e64bea83b4,SUCCEEDED,14814797648,19751779985,4936.982337
c16-w4-r5,16,4,5,fe0f5a82-3e07-4b39-85f5-753e94e39da7,a4310983-29c5-4915-b54d-c56e5732a9fe,SUCCEEDED,14831905483,19794834097,4962.928614
c16-w4-r5,16,4,5,fe0f5a82-3e07-4b39-85f5-753e94e39da7,9a69dfdc-8b39-4b69-b32e-b10d2ecea5f9,SUCCEEDED,14837681624,19883836715,5046.155091
c16-w4-r5,16,4,5,fe0f5a82-3e07-4b39-85f5-753e94e39da7,2b3a2ea2-c947-4e2c-b27c-69198b8d3611,SUCCEEDED,14843434531,19894093223,5050.658692
c16-w4-r5,16,4,5,fe0f5a82-3e07-4b39-85f5-753e94e39da7,1f70c2a2-6e84-4109-ab16-2c6bddf5524d,SUCCEEDED,14864283255,19979687660,5115.404405
c16-w4-r5,16,4,5,fe0f5a82-3e07-4b39-85f5-753e94e39da7,0bcc0688-45aa-4622-be18-73f7438be8c7,SUCCEEDED,14894374251,20012170769,5117.796518
c16-w4-r5,16,4,5,fe0f5a82-3e07-4b39-85f5-753e94e39da7,e65cce43-7f91-4334-b8b7-201ec43547ab,SUCCEEDED,14900378753,20127760425,5227.381672
c16-w4-r5,16,4,5,fe0f5a82-3e07-4b39-85f5-753e94e39da7,57002429-4254-407d-84ce-d782ef09b704,SUCCEEDED,14907011205,20133268041,5226.256836
c16-w4-r5,16,4,5,fe0f5a82-3e07-4b39-85f5-753e94e39da7,46bbbc9c-fef7-4931-867b-a7b581d79dc3,SUCCEEDED,14914482628,20200744026,5286.261398
c16-w4-r5,16,4,5,fe0f5a82-3e07-4b39-85f5-753e94e39da7,01230185-5171-46d6-8be8-e442b3734a5e,SUCCEEDED,14939327598,20244662330,5305.334732
c16-w4-r5,16,4,5,fe0f5a82-3e07-4b39-85f5-753e94e39da7,f92dd2da-2417-41d8-b964-8a16418aec42,SUCCEEDED,14945146119,20347939273,5402.793154
c16-w4-r5,16,4,5,fe0f5a82-3e07-4b39-85f5-753e94e39da7,0224c21a-1133-4840-8435-f32d84f59a2b,SUCCEEDED,14950920869,20370709428,5419.788559
c16-w4-r5,16,4,5,fe0f5a82-3e07-4b39-85f5-753e94e39da7,a5bd9f12-7489-4238-8d51-dec80bed30bb,SUCCEEDED,14956523248,20420669484,5464.146236
c16-w4-r5,16,4,5,fe0f5a82-3e07-4b39-85f5-753e94e39da7,a58d5ce5-e90a-40a6-bff7-20ba67f75fbc,SUCCEEDED,14961816121,20478403821,5516.5877
c16-w4-r5,16,4,5,fe0f5a82-3e07-4b39-85f5-753e94e39da7,9245611d-878f-4ca6-bc73-d30beff63fa9,SUCCEEDED,14986446564,20567556230,5581.109666
c16-w4-r5,16,4,5,fe0f5a82-3e07-4b39-85f5-753e94e39da7,86baf89d-5940-416b-b5c9-22cef9102b37,SUCCEEDED,14990793699,20595958255,5605.164556
c16-w4-r5,16,4,5,fe0f5a82-3e07-4b39-85f5-753e94e39da7,fb7eda73-70a8-4e1c-92b4-f52f5816e157,SUCCEEDED,19796388118,22949937315,3153.549197
c16-w4-r5,16,4,5,fe0f5a82-3e07-4b39-85f5-753e94e39da7,dc3b6d91-8922-4349-8bc6-9c53435d379e,SUCCEEDED,19857523300,23028476503,3170.953203
c16-w4-r5,16,4,5,fe0f5a82-3e07-4b39-85f5-753e94e39da7,16ba050a-7056-4496-9ad0-1f91a5983722,SUCCEEDED,19948536367,23084043763,3135.507396
c16-w4-r5,16,4,5,fe0f5a82-3e07-4b39-85f5-753e94e39da7,f33ceae9-468a-4274-9c3f-3b6706beda46,SUCCEEDED,19953451985,23150663558,3197.211573
c16-w4-r5,16,4,5,fe0f5a82-3e07-4b39-85f5-753e94e39da7,2a930036-f7d2-40ba-8efc-0811f6474e87,SUCCEEDED,20019494405,23178292846,3158.798441
c16-w4-r5,16,4,5,fe0f5a82-3e07-4b39-85f5-753e94e39da7,142ef034-fec9-4730-a0e0-85a787bfded6,SUCCEEDED,20057008659,23262411827,3205.403168
c16-w4-r5,16,4,5,fe0f5a82-3e07-4b39-85f5-753e94e39da7,e1ccb833-16fc-47ee-8d6c-2fcc797ffa53,SUCCEEDED,20212295889,23305652918,3093.357029
c16-w4-r5,16,4,5,fe0f5a82-3e07-4b39-85f5-753e94e39da7,7bb82c84-11b1-471d-9d86-72a217fd8e75,SUCCEEDED,20216278684,23373908208,3157.629524
