 Image dag-ms2/artifact-store:0.2.0 Building 
 Image dag-ms2/scheduler:0.2.0 Building 
 Image dag-ms2/worker:0.2.0 Building 
#1 [internal] load local bake definitions
#1 reading from stdin 1.68kB done
#1 DONE 0.0s

#2 [worker internal] load build definition from Dockerfile
#2 transferring dockerfile:
#2 transferring dockerfile: 1.12kB 0.0s done
#2 DONE 0.2s

#3 [scheduler internal] load build definition from Dockerfile
#3 transferring dockerfile: 992B 0.0s done
#3 DONE 0.2s

#4 [worker internal] load metadata for docker.io/library/eclipse-temurin:21.0.5_11-jre-jammy
#4 ...

#5 [artifact-store internal] load build definition from Dockerfile
#5 transferring dockerfile: 1.03kB 0.0s done
#5 DONE 0.2s

#4 [artifact-store internal] load metadata for docker.io/library/eclipse-temurin:21.0.5_11-jre-jammy
#4 DONE 0.9s

#6 [artifact-store internal] load metadata for docker.io/library/maven:3.9.9-eclipse-temurin-21
#6 DONE 0.8s

#7 [worker internal] load .dockerignore
#7 transferring context:
#7 transferring context: 149B 0.2s done
#7 DONE 0.3s

#8 [worker internal] load build context
#8 DONE 0.0s

#9 [artifact-store internal] load build context
#9 DONE 0.0s

#10 [scheduler internal] load build context
#10 DONE 0.0s

#11 [scheduler build 1/9] FROM docker.io/library/maven:3.9.9-eclipse-temurin-21@sha256:3a4ab3276a087bf276f79cae96b1af04f53731bec53fb2e651aca79e4b10211e
#11 resolve docker.io/library/maven:3.9.9-eclipse-temurin-21@sha256:3a4ab3276a087bf276f79cae96b1af04f53731bec53fb2e651aca79e4b10211e 0.1s done
#11 resolve docker.io/library/maven:3.9.9-eclipse-temurin-21@sha256:3a4ab3276a087bf276f79cae96b1af04f53731bec53fb2e651aca79e4b10211e 0.1s done
#11 ...

#8 [worker internal] load build context
#8 transferring context: 59.68kB 0.5s done
#8 DONE 0.8s

#11 [scheduler build 1/9] FROM docker.io/library/maven:3.9.9-eclipse-temurin-21@sha256:3a4ab3276a087bf276f79cae96b1af04f53731bec53fb2e651aca79e4b10211e
#11 sha256:ac08ec036c80487483481b8b4099c337b9f50c5a6fa61a916e0714fd6a25808b 153B / 153B 0.1s done
#11 sha256:ac08ec036c80487483481b8b4099c337b9f50c5a6fa61a916e0714fd6a25808b 153B / 153B 0.1s done
#11 ...

#10 [scheduler internal] load build context
#10 transferring context: 91.84kB 0.9s done
#10 DONE 1.2s

#11 [scheduler build 1/9] FROM docker.io/library/maven:3.9.9-eclipse-temurin-21@sha256:3a4ab3276a087bf276f79cae96b1af04f53731bec53fb2e651aca79e4b10211e
#11 sha256:100a2f749ec88b1edeb1a262140d5ff15deb223ddb60db02b007fbd02e430c01 850B / 850B 0.2s done
#11 sha256:903243de14d5324cd69215ac4e249070a8a95725e01db0e0a8a7a91e819842a2 0B / 9.17MB 0.2s
#11 ...

#9 [artifact-store internal] load build context
#9 transferring context: 60.87kB 1.7s done
#9 DONE 1.9s

#11 [scheduler build 1/9] FROM docker.io/library/maven:3.9.9-eclipse-temurin-21@sha256:3a4ab3276a087bf276f79cae96b1af04f53731bec53fb2e651aca79e4b10211e
#11 sha256:903243de14d5324cd69215ac4e249070a8a95725e01db0e0a8a7a91e819842a2 1.05MB / 9.17MB 0.8s
#11 sha256:903243de14d5324cd69215ac4e249070a8a95725e01db0e0a8a7a91e819842a2 2.10MB / 9.17MB 1.2s
#11 sha256:903243de14d5324cd69215ac4e249070a8a95725e01db0e0a8a7a91e819842a2 3.15MB / 9.17MB 1.5s
#11 sha256:903243de14d5324cd69215ac4e249070a8a95725e01db0e0a8a7a91e819842a2 4.19MB / 9.17MB 1.8s
#11 sha256:903243de14d5324cd69215ac4e249070a8a95725e01db0e0a8a7a91e819842a2 5.24MB / 9.17MB 2.1s
#11 sha256:903243de14d5324cd69215ac4e249070a8a95725e01db0e0a8a7a91e819842a2 6.29MB / 9.17MB 2.6s
#11 sha256:903243de14d5324cd69215ac4e249070a8a95725e01db0e0a8a7a91e819842a2 7.34MB / 9.17MB 2.7s
#11 sha256:903243de14d5324cd69215ac4e249070a8a95725e01db0e0a8a7a91e819842a2 8.39MB / 9.17MB 3.3s
#11 sha256:903243de14d5324cd69215ac4e249070a8a95725e01db0e0a8a7a91e819842a2 9.17MB / 9.17MB 3.6s done
#11 sha256:903243de14d5324cd69215ac4e249070a8a95725e01db0e0a8a7a91e819842a2 9.17MB / 9.17MB 3.6s done
#11 sha256:99f05f209f6fd19181ffd50612236193ad46991100ff9ffc79e5b5d7f15f0e06 2.28kB / 2.28kB 0.1s done
#11 sha256:99f05f209f6fd19181ffd50612236193ad46991100ff9ffc79e5b5d7f15f0e06 2.28kB / 2.28kB 0.1s done
#11 sha256:52fd01a09145cd9d4a6b5a5e02abea836a1e0b59167645cb4945260b39389858 0B / 22.54MB 0.2s
#11 sha256:52fd01a09145cd9d4a6b5a5e02abea836a1e0b59167645cb4945260b39389858 2.10MB / 22.54MB 0.5s
#11 sha256:14ea0157e6cfd88563f52f3de2252f96d1de76755323a4e666dc06bfdc169362 0B / 157B 0.2s
#11 sha256:14ea0157e6cfd88563f52f3de2252f96d1de76755323a4e666dc06bfdc169362 157B / 157B 0.3s done
#11 sha256:52fd01a09145cd9d4a6b5a5e02abea836a1e0b59167645cb4945260b39389858 4.19MB / 22.54MB 0.9s
#11 sha256:fdf9441e6dddb8defe5d23ab009dd1a3d91ad4f953b4d53d9e904e1adcae03de 0B / 157.65MB 0.2s
#11 sha256:52fd01a09145cd9d4a6b5a5e02abea836a1e0b59167645cb4945260b39389858 6.29MB / 22.54MB 1.2s
#11 sha256:52fd01a09145cd9d4a6b5a5e02abea836a1e0b59167645cb4945260b39389858 8.39MB / 22.54MB 1.8s
#11 sha256:52fd01a09145cd9d4a6b5a5e02abea836a1e0b59167645cb4945260b39389858 10.49MB / 22.54MB 2.3s
#11 sha256:52fd01a09145cd9d4a6b5a5e02abea836a1e0b59167645cb4945260b39389858 12.58MB / 22.54MB 2.6s
#11 sha256:380ab39b4f9f66f5491f1e6c6e1b00af781c9e67017d5194267c1eb1b1ea9d61 0B / 22.95MB 0.2s
#11 sha256:fdf9441e6dddb8defe5d23ab009dd1a3d91ad4f953b4d53d9e904e1adcae03de 8.39MB / 157.65MB 2.6s
#11 sha256:52fd01a09145cd9d4a6b5a5e02abea836a1e0b59167645cb4945260b39389858 14.68MB / 22.54MB 3.3s
#11 sha256:380ab39b4f9f66f5491f1e6c6e1b00af781c9e67017d5194267c1eb1b1ea9d61 2.10MB / 22.95MB 1.2s
#11 sha256:52fd01a09145cd9d4a6b5a5e02abea836a1e0b59167645cb4945260b39389858 16.78MB / 22.54MB 3.8s
#11 sha256:380ab39b4f9f66f5491f1e6c6e1b00af781c9e67017d5194267c1eb1b1ea9d61 4.19MB / 22.95MB 1.7s
#11 sha256:52fd01a09145cd9d4a6b5a5e02abea836a1e0b59167645cb4945260b39389858 18.87MB / 22.54MB 4.4s
#11 sha256:380ab39b4f9f66f5491f1e6c6e1b00af781c9e67017d5194267c1eb1b1ea9d61 6.29MB / 22.95MB 2.1s
#11 sha256:52fd01a09145cd9d4a6b5a5e02abea836a1e0b59167645cb4945260b39389858 20.97MB / 22.54MB 5.0s
#11 ...

#12 [artifact-store stage-1 1/4] FROM docker.io/library/eclipse-temurin:21.0.5_11-jre-jammy@sha256:ebeb51a2a147be42b7d42342fecbeb2d9cb764f7742054024ac9a17bc1c8a21b
#12 resolve docker.io/library/eclipse-temurin:21.0.5_11-jre-jammy@sha256:ebeb51a2a147be42b7d42342fecbeb2d9cb764f7742054024ac9a17bc1c8a21b 0.1s done
#12 sha256:cf7a0fc605cd818cf2baa8930c6b3b96fe7f5b8c891864a473ee88a245a69dff 2.28kB / 2.28kB 0.1s done
#12 sha256:a156c9f8513cd23b2f9355b9006a6bfcc5d88677ed2d616cf149bfebbc46acce 46.14MB / 52.87MB 9.3s
#12 sha256:86bfcdd282cff8bf3edbcc0cec271987444f6e2f176c2430c09a99d9d13594c9 160B / 160B 0.1s done
#12 sha256:5beb2c650558c72ab5f0c8f4228fe2ef5e4b94e50caf1e129b818e8b60283bf6 16.14MB / 16.14MB 4.6s done
#12 sha256:6414378b647780fee8fd903ddb9541d134a1947ce092d08bdeb23a54cb3684ac 29.54MB / 29.54MB 6.7s done
#12 extracting sha256:6414378b647780fee8fd903ddb9541d134a1947ce092d08bdeb23a54cb3684ac
#12 ...

#11 [scheduler build 1/9] FROM docker.io/library/maven:3.9.9-eclipse-temurin-21@sha256:3a4ab3276a087bf276f79cae96b1af04f53731bec53fb2e651aca79e4b10211e
#11 sha256:380ab39b4f9f66f5491f1e6c6e1b00af781c9e67017d5194267c1eb1b1ea9d61 8.39MB / 22.95MB 2.7s
#11 sha256:52fd01a09145cd9d4a6b5a5e02abea836a1e0b59167645cb4945260b39389858 22.54MB / 22.54MB 5.6s
#11 sha256:52fd01a09145cd9d4a6b5a5e02abea836a1e0b59167645cb4945260b39389858 22.54MB / 22.54MB 5.6s done
#11 sha256:380ab39b4f9f66f5491f1e6c6e1b00af781c9e67017d5194267c1eb1b1ea9d61 10.49MB / 22.95MB 3.2s
#11 sha256:d9d352c11bbd3880007953ed6eec1cbace76898828f3434984a0ca60672fdf5a 0B / 29.72MB 0.2s
#11 sha256:fdf9441e6dddb8defe5d23ab009dd1a3d91ad4f953b4d53d9e904e1adcae03de 16.78MB / 157.65MB 5.3s
#11 sha256:380ab39b4f9f66f5491f1e6c6e1b00af781c9e67017d5194267c1eb1b1ea9d61 12.58MB / 22.95MB 3.6s
#11 sha256:d9d352c11bbd3880007953ed6eec1cbace76898828f3434984a0ca60672fdf5a 2.10MB / 29.72MB 0.8s
#11 sha256:380ab39b4f9f66f5491f1e6c6e1b00af781c9e67017d5194267c1eb1b1ea9d61 14.68MB / 22.95MB 4.1s
#11 sha256:380ab39b4f9f66f5491f1e6c6e1b00af781c9e67017d5194267c1eb1b1ea9d61 16.78MB / 22.95MB 4.7s
#11 sha256:d9d352c11bbd3880007953ed6eec1cbace76898828f3434984a0ca60672fdf5a 4.19MB / 29.72MB 1.4s
#11 sha256:380ab39b4f9f66f5491f1e6c6e1b00af781c9e67017d5194267c1eb1b1ea9d61 18.87MB / 22.95MB 5.1s
#11 sha256:d9d352c11bbd3880007953ed6eec1cbace76898828f3434984a0ca60672fdf5a 6.29MB / 29.72MB 2.0s
#11 sha256:380ab39b4f9f66f5491f1e6c6e1b00af781c9e67017d5194267c1eb1b1ea9d61 20.97MB / 22.95MB 5.4s
#11 sha256:380ab39b4f9f66f5491f1e6c6e1b00af781c9e67017d5194267c1eb1b1ea9d61 22.95MB / 22.95MB 5.7s
#11 sha256:d9d352c11bbd3880007953ed6eec1cbace76898828f3434984a0ca60672fdf5a 8.39MB / 29.72MB 2.4s
#11 sha256:fdf9441e6dddb8defe5d23ab009dd1a3d91ad4f953b4d53d9e904e1adcae03de 25.17MB / 157.65MB 7.5s
#11 sha256:380ab39b4f9f66f5491f1e6c6e1b00af781c9e67017d5194267c1eb1b1ea9d61 22.95MB / 22.95MB 5.8s done
#11 sha256:d9d352c11bbd3880007953ed6eec1cbace76898828f3434984a0ca60672fdf5a 10.49MB / 29.72MB 2.7s
#11 sha256:d9d352c11bbd3880007953ed6eec1cbace76898828f3434984a0ca60672fdf5a 12.58MB / 29.72MB 3.0s
#11 sha256:d9d352c11bbd3880007953ed6eec1cbace76898828f3434984a0ca60672fdf5a 14.68MB / 29.72MB 3.5s
#11 sha256:d9d352c11bbd3880007953ed6eec1cbace76898828f3434984a0ca60672fdf5a 16.78MB / 29.72MB 3.8s
#11 sha256:fdf9441e6dddb8defe5d23ab009dd1a3d91ad4f953b4d53d9e904e1adcae03de 33.55MB / 157.65MB 8.9s
#11 sha256:d9d352c11bbd3880007953ed6eec1cbace76898828f3434984a0ca60672fdf5a 18.87MB / 29.72MB 4.1s
#11 sha256:d9d352c11bbd3880007953ed6eec1cbace76898828f3434984a0ca60672fdf5a 20.97MB / 29.72MB 4.2s
#11 sha256:d9d352c11bbd3880007953ed6eec1cbace76898828f3434984a0ca60672fdf5a 23.07MB / 29.72MB 4.7s
#11 ...

#12 [worker stage-1 1/4] FROM docker.io/library/eclipse-temurin:21.0.5_11-jre-jammy@sha256:ebeb51a2a147be42b7d42342fecbeb2d9cb764f7742054024ac9a17bc1c8a21b
#12 sha256:a156c9f8513cd23b2f9355b9006a6bfcc5d88677ed2d616cf149bfebbc46acce 52.87MB / 52.87MB 11.2s done
#12 extracting sha256:6414378b647780fee8fd903ddb9541d134a1947ce092d08bdeb23a54cb3684ac 3.0s done
#12 extracting sha256:5beb2c650558c72ab5f0c8f4228fe2ef5e4b94e50caf1e129b818e8b60283bf6 2.4s done
#12 extracting sha256:a156c9f8513cd23b2f9355b9006a6bfcc5d88677ed2d616cf149bfebbc46acce 2.6s done
#12 extracting sha256:86bfcdd282cff8bf3edbcc0cec271987444f6e2f176c2430c09a99d9d13594c9 0.1s done
#12 extracting sha256:cf7a0fc605cd818cf2baa8930c6b3b96fe7f5b8c891864a473ee88a245a69dff 0.1s done
#12 DONE 15.6s

#11 [scheduler build 1/9] FROM docker.io/library/maven:3.9.9-eclipse-temurin-21@sha256:3a4ab3276a087bf276f79cae96b1af04f53731bec53fb2e651aca79e4b10211e
#11 sha256:d9d352c11bbd3880007953ed6eec1cbace76898828f3434984a0ca60672fdf5a 26.21MB / 29.72MB 5.1s
#11 ...

#13 [worker stage-1 2/4] RUN apt-get update     && apt-get install -y --no-install-recommends ffmpeg     && rm -rf /var/lib/apt/lists/*     && useradd --system --no-create-home dag
#13 ...

#14 [artifact-store stage-1 2/3] WORKDIR /app
#14 DONE 2.2s

#13 [worker stage-1 2/4] RUN apt-get update     && apt-get install -y --no-install-recommends ffmpeg     && rm -rf /var/lib/apt/lists/*     && useradd --system --no-create-home dag
#13 2.092 Get:1 http://archive.ubuntu.com/ubuntu jammy InRelease [270 kB]
#13 2.092 Get:2 http://security.ubuntu.com/ubuntu jammy-security InRelease [129 kB]
#13 2.153 Get:3 http://archive.ubuntu.com/ubuntu jammy-updates InRelease [128 kB]
#13 2.212 Get:4 http://archive.ubuntu.com/ubuntu jammy-backports InRelease [127 kB]
#13 ...

#15 [scheduler stage-1 2/4] RUN useradd --system --no-create-home dag
#15 DONE 2.4s

#16 [scheduler stage-1 3/4] WORKDIR /app
#16 DONE 0.1s

#11 [scheduler build 1/9] FROM docker.io/library/maven:3.9.9-eclipse-temurin-21@sha256:3a4ab3276a087bf276f79cae96b1af04f53731bec53fb2e651aca79e4b10211e
#11 sha256:fdf9441e6dddb8defe5d23ab009dd1a3d91ad4f953b4d53d9e904e1adcae03de 56.62MB / 157.65MB 12.5s
#11 sha256:d9d352c11bbd3880007953ed6eec1cbace76898828f3434984a0ca60672fdf5a 29.72MB / 29.72MB 6.6s done
#11 extracting sha256:d9d352c11bbd3880007953ed6eec1cbace76898828f3434984a0ca60672fdf5a
#11 sha256:fdf9441e6dddb8defe5d23ab009dd1a3d91ad4f953b4d53d9e904e1adcae03de 65.01MB / 157.65MB 13.8s
#11 extracting sha256:d9d352c11bbd3880007953ed6eec1cbace76898828f3434984a0ca60672fdf5a 3.1s done
#11 extracting sha256:380ab39b4f9f66f5491f1e6c6e1b00af781c9e67017d5194267c1eb1b1ea9d61
#11 sha256:fdf9441e6dddb8defe5d23ab009dd1a3d91ad4f953b4d53d9e904e1adcae03de 73.40MB / 157.65MB 15.8s
#11 extracting sha256:380ab39b4f9f66f5491f1e6c6e1b00af781c9e67017d5194267c1eb1b1ea9d61 2.5s done
#11 sha256:fdf9441e6dddb8defe5d23ab009dd1a3d91ad4f953b4d53d9e904e1adcae03de 83.89MB / 157.65MB 17.6s
#11 sha256:fdf9441e6dddb8defe5d23ab009dd1a3d91ad4f953b4d53d9e904e1adcae03de 93.32MB / 157.65MB 19.8s
#11 sha256:fdf9441e6dddb8defe5d23ab009dd1a3d91ad4f953b4d53d9e904e1adcae03de 101.71MB / 157.65MB 20.5s
#11 sha256:fdf9441e6dddb8defe5d23ab009dd1a3d91ad4f953b4d53d9e904e1adcae03de 111.15MB / 157.65MB 21.3s
#11 sha256:fdf9441e6dddb8defe5d23ab009dd1a3d91ad4f953b4d53d9e904e1adcae03de 119.54MB / 157.65MB 21.9s
#11 sha256:fdf9441e6dddb8defe5d23ab009dd1a3d91ad4f953b4d53d9e904e1adcae03de 128.97MB / 157.65MB 22.6s
#11 sha256:fdf9441e6dddb8defe5d23ab009dd1a3d91ad4f953b4d53d9e904e1adcae03de 137.36MB / 157.65MB 23.2s
#11 ...

#13 [worker stage-1 2/4] RUN apt-get update     && apt-get install -y --no-install-recommends ffmpeg     && rm -rf /var/lib/apt/lists/*     && useradd --system --no-create-home dag
#13 2.551 Get:5 http://archive.ubuntu.com/ubuntu jammy/restricted amd64 Packages [164 kB]
#13 2.636 Get:6 http://archive.ubuntu.com/ubuntu jammy/universe amd64 Packages [17.5 MB]
#13 3.266 Get:7 http://security.ubuntu.com/ubuntu jammy-security/restricted amd64 Packages [7,843 kB]
#13 4.960 Get:8 http://security.ubuntu.com/ubuntu jammy-security/multiverse amd64 Packages [84.6 kB]
#13 4.979 Get:9 http://security.ubuntu.com/ubuntu jammy-security/main amd64 Packages [4,376 kB]
#13 6.104 Get:10 http://security.ubuntu.com/ubuntu jammy-security/universe amd64 Packages [1,321 kB]
#13 6.612 Get:11 http://archive.ubuntu.com/ubuntu jammy/multiverse amd64 Packages [266 kB]
#13 6.631 Get:12 http://archive.ubuntu.com/ubuntu jammy/main amd64 Packages [1,792 kB]
#13 6.913 Get:13 http://archive.ubuntu.com/ubuntu jammy-updates/multiverse amd64 Packages [93.2 kB]
#13 6.927 Get:14 http://archive.ubuntu.com/ubuntu jammy-updates/main amd64 Packages [4,747 kB]
#13 7.476 Get:15 http://archive.ubuntu.com/ubuntu jammy-updates/restricted amd64 Packages [8,198 kB]
#13 9.495 Get:16 http://archive.ubuntu.com/ubuntu jammy-updates/universe amd64 Packages [1,623 kB]
#13 9.602 Get:17 http://archive.ubuntu.com/ubuntu jammy-backports/universe amd64 Packages [35.6 kB]
#13 9.607 Get:18 http://archive.ubuntu.com/ubuntu jammy-backports/main amd64 Packages [82.9 kB]
#13 10.75 Fetched 48.8 MB in 8s (6,112 kB/s)
#13 10.75 Reading package lists...
#13 13.68 Reading package lists...
#13 ...

#11 [scheduler build 1/9] FROM docker.io/library/maven:3.9.9-eclipse-temurin-21@sha256:3a4ab3276a087bf276f79cae96b1af04f53731bec53fb2e651aca79e4b10211e
#11 sha256:fdf9441e6dddb8defe5d23ab009dd1a3d91ad4f953b4d53d9e904e1adcae03de 145.75MB / 157.65MB 24.0s
#11 sha256:fdf9441e6dddb8defe5d23ab009dd1a3d91ad4f953b4d53d9e904e1adcae03de 156.24MB / 157.65MB 24.6s
#11 sha256:fdf9441e6dddb8defe5d23ab009dd1a3d91ad4f953b4d53d9e904e1adcae03de 157.65MB / 157.65MB 24.9s done
#11 sha256:fdf9441e6dddb8defe5d23ab009dd1a3d91ad4f953b4d53d9e904e1adcae03de 157.65MB / 157.65MB 24.9s done
#11 extracting sha256:fdf9441e6dddb8defe5d23ab009dd1a3d91ad4f953b4d53d9e904e1adcae03de
#11 extracting sha256:fdf9441e6dddb8defe5d23ab009dd1a3d91ad4f953b4d53d9e904e1adcae03de 2.4s done
#11 extracting sha256:14ea0157e6cfd88563f52f3de2252f96d1de76755323a4e666dc06bfdc169362 0.1s done
#11 extracting sha256:14ea0157e6cfd88563f52f3de2252f96d1de76755323a4e666dc06bfdc169362 0.1s done
#11 extracting sha256:99f05f209f6fd19181ffd50612236193ad46991100ff9ffc79e5b5d7f15f0e06 0.1s done
#11 extracting sha256:52fd01a09145cd9d4a6b5a5e02abea836a1e0b59167645cb4945260b39389858
#11 extracting sha256:52fd01a09145cd9d4a6b5a5e02abea836a1e0b59167645cb4945260b39389858 1.9s done
#11 extracting sha256:903243de14d5324cd69215ac4e249070a8a95725e01db0e0a8a7a91e819842a2
#11 extracting sha256:903243de14d5324cd69215ac4e249070a8a95725e01db0e0a8a7a91e819842a2 0.3s done
#11 extracting sha256:903243de14d5324cd69215ac4e249070a8a95725e01db0e0a8a7a91e819842a2 0.3s done
#11 extracting sha256:100a2f749ec88b1edeb1a262140d5ff15deb223ddb60db02b007fbd02e430c01 0.1s done
#11 extracting sha256:4f4fb700ef54461cfa02571ae0db9a0dc1e0cdb5577484a6d75e68dc38e8acc1 0.1s done
#11 extracting sha256:4f4fb700ef54461cfa02571ae0db9a0dc1e0cdb5577484a6d75e68dc38e8acc1 0.1s done
#11 extracting sha256:ac08ec036c80487483481b8b4099c337b9f50c5a6fa61a916e0714fd6a25808b 0.1s done
#11 DONE 35.6s

#17 [artifact-store build 2/9] WORKDIR /src
#17 DONE 1.2s

#18 [scheduler build 3/9] COPY pom.xml .
#18 DONE 0.1s

#19 [worker build 4/9] COPY protocol protocol
#19 DONE 0.1s

#20 [artifact-store build 4/9] COPY protocol protocol
#20 CACHED

#21 [artifact-store build 3/9] COPY pom.xml .
#21 CACHED

#22 [scheduler build 4/9] COPY protocol protocol
#22 CACHED

#23 [scheduler build 3/9] COPY pom.xml .
#23 CACHED

#13 [worker stage-1 2/4] RUN apt-get update     && apt-get install -y --no-install-recommends ffmpeg     && rm -rf /var/lib/apt/lists/*     && useradd --system --no-create-home dag
#13 13.68 Reading package lists...
#13 15.91 Building dependency tree...
#13 16.27 Reading state information...
#13 16.78 The following additional packages will be installed:
#13 16.78   gcc-12-base libaom3 libapparmor1 libasound2 libasound2-data libass9
#13 16.78   libasyncns0 libavc1394-0 libavcodec58 libavdevice58 libavfilter7
#13 16.78   libavformat58 libavutil56 libblas3 libbluray2 libbs2b0 libbsd0 libcaca0
#13 16.78   libcairo-gobject2 libcairo2 libcdio-cdda2 libcdio-paranoia2 libcdio19
#13 16.79   libchromaprint1 libcodec2-1.0 libdatrie1 libdav1d5 libdbus-1-3 libdc1394-25
#13 16.79   libdecor-0-0 libdeflate0 libdrm-amdgpu1 libdrm-common libdrm-intel1
#13 16.79   libdrm-nouveau2 libdrm-radeon1 libdrm2 libedit2 libelf1 libflac8 libflite1
#13 16.79   libfribidi0 libgbm1 libgcc-s1 libgdk-pixbuf-2.0-0 libgdk-pixbuf2.0-common
#13 16.79   libgfortran5 libgl1 libgl1-mesa-dri libglapi-mesa libglib2.0-0 libglvnd0
#13 16.79   libglx-mesa0 libglx0 libgme0 libgomp1 libgraphite2-3 libgsm1 libharfbuzz0b
#13 16.79   libicu70 libiec61883-0 libjack-jackd2-0 libjbig0 libjpeg-turbo8 libjpeg8
#13 16.79   liblapack3 liblilv-0-0 libllvm15 libmd0 libmfx1 libmp3lame0 libmpg123-0
#13 16.79   libmysofa1 libnorm1 libnuma1 libogg0 libopenal-data libopenal1 libopenjp2-7
#13 16.79   libopenmpt0 libopus0 libpango-1.0-0 libpangocairo-1.0-0 libpangoft2-1.0-0
#13 16.79   libpciaccess0 libpgm-5.3-0 libpixman-1-0 libpocketsphinx3 libpostproc55
#13 16.79   libpulse0 libquadmath0 librabbitmq4 libraw1394-11 librsvg2-2 librubberband2
#13 16.79   libsamplerate0 libsdl2-2.0-0 libsensors-config libsensors5 libserd-0-0
#13 16.79   libshine3 libslang2 libsnappy1v5 libsndfile1 libsndio7.0 libsodium23
#13 16.79   libsord-0-0 libsoxr0 libspeex1 libsphinxbase3 libsratom-0-0 libsrt1.4-gnutls
#13 16.79   libssh-gcrypt-4 libstdc++6 libswresample3 libswscale5 libthai-data libthai0
#13 16.79   libtheora0 libtiff5 libtwolame0 libudfread0 libusb-1.0-0 libva-drm2
#13 16.79   libva-x11-2 libva2 libvdpau1 libvidstab1.1 libvorbis0a libvorbisenc2
#13 16.79   libvorbisfile3 libvpx7 libwayland-client0 libwayland-cursor0 libwayland-egl1
#13 16.79   libwayland-server0 libwebp7 libwebpmux3 libx11-6 libx11-data libx11-xcb1
#13 16.79   libx264-163 libx265-199 libxau6 libxcb-dri2-0 libxcb-dri3-0 libxcb-glx0
#13 16.79   libxcb-present0 libxcb-randr0 libxcb-render0 libxcb-shape0 libxcb-shm0
#13 16.79   libxcb-sync1 libxcb-xfixes0 libxcb1 libxcursor1 libxdmcp6 libxext6
#13 16.79   libxfixes3 libxi6 libxinerama1 libxkbcommon0 libxml2 libxrandr2 libxrender1
#13 16.79   libxshmfence1 libxss1 libxv1 libxvidcore4 libxxf86vm1 libzimg2 libzmq5
#13 16.79   libzvbi-common libzvbi0 ocl-icd-libopencl1 shared-mime-info x11-common
#13 16.79   xkb-data
#13 16.79 Suggested packages:
#13 16.79   ffmpeg-doc libasound2-plugins alsa-utils libcuda1 libnvcuvid1
#13 16.79   libnvidia-encode1 libbluray-bdj jackd2 libportaudio2 opus-tools pciutils
#13 16.79   pulseaudio libraw1394-doc librsvg2-bin xdg-utils lm-sensors serdi sndiod
#13 16.79   sordi speex opencl-icd
#13 16.79 Recommended packages:
#13 16.79   alsa-ucm-conf alsa-topology-conf libaacs0 dbus libdecor-0-plugin-1-cairo
#13 16.79   | libdecor-0-plugin-1 libgdk-pixbuf2.0-bin libgl1-amber-dri libglib2.0-data
#13 16.79   xdg-user-dirs pocketsphinx-en-us librsvg2-common va-driver-all | va-driver
#13 16.79   vdpau-driver-all | vdpau-driver
#13 17.28 The following NEW packages will be installed:
#13 17.28   ffmpeg libaom3 libapparmor1 libasound2 libasound2-data libass9 libasyncns0
#13 17.28   libavc1394-0 libavcodec58 libavdevice58 libavfilter7 libavformat58
#13 17.29   libavutil56 libblas3 libbluray2 libbs2b0 libbsd0 libcaca0 libcairo-gobject2
#13 17.29   libcairo2 libcdio-cdda2 libcdio-paranoia2 libcdio19 libchromaprint1
#13 17.29   libcodec2-1.0 libdatrie1 libdav1d5 libdbus-1-3 libdc1394-25 libdecor-0-0
#13 17.29   libdeflate0 libdrm-amdgpu1 libdrm-common libdrm-intel1 libdrm-nouveau2
#13 17.29   libdrm-radeon1 libdrm2 libedit2 libelf1 libflac8 libflite1 libfribidi0
#13 17.29   libgbm1 libgdk-pixbuf-2.0-0 libgdk-pixbuf2.0-common libgfortran5 libgl1
#13 17.29   libgl1-mesa-dri libglapi-mesa libglib2.0-0 libglvnd0 libglx-mesa0 libglx0
#13 17.29   libgme0 libgomp1 libgraphite2-3 libgsm1 libharfbuzz0b libicu70 libiec61883-0
#13 17.29   libjack-jackd2-0 libjbig0 libjpeg-turbo8 libjpeg8 liblapack3 liblilv-0-0
#13 17.29   libllvm15 libmd0 libmfx1 libmp3lame0 libmpg123-0 libmysofa1 libnorm1
#13 17.29   libnuma1 libogg0 libopenal-data libopenal1 libopenjp2-7 libopenmpt0 libopus0
#13 17.29   libpango-1.0-0 libpangocairo-1.0-0 libpangoft2-1.0-0 libpciaccess0
#13 17.29   libpgm-5.3-0 libpixman-1-0 libpocketsphinx3 libpostproc55 libpulse0
#13 17.29   libquadmath0 librabbitmq4 libraw1394-11 librsvg2-2 librubberband2
#13 17.29   libsamplerate0 libsdl2-2.0-0 libsensors-config libsensors5 libserd-0-0
#13 17.29   libshine3 libslang2 libsnappy1v5 libsndfile1 libsndio7.0 libsodium23
#13 17.29   libsord-0-0 libsoxr0 libspeex1 libsphinxbase3 libsratom-0-0 libsrt1.4-gnutls
#13 17.29   libssh-gcrypt-4 libswresample3 libswscale5 libthai-data libthai0 libtheora0
#13 17.29   libtiff5 libtwolame0 libudfread0 libusb-1.0-0 libva-drm2 libva-x11-2 libva2
#13 17.29   libvdpau1 libvidstab1.1 libvorbis0a libvorbisenc2 libvorbisfile3 libvpx7
#13 17.29   libwayland-client0 libwayland-cursor0 libwayland-egl1 libwayland-server0
#13 17.29   libwebp7 libwebpmux3 libx11-6 libx11-data libx11-xcb1 libx264-163
#13 17.29   libx265-199 libxau6 libxcb-dri2-0 libxcb-dri3-0 libxcb-glx0 libxcb-present0
#13 17.29   libxcb-randr0 libxcb-render0 libxcb-shape0 libxcb-shm0 libxcb-sync1
#13 17.29   libxcb-xfixes0 libxcb1 libxcursor1 libxdmcp6 libxext6 libxfixes3 libxi6
#13 17.29   libxinerama1 libxkbcommon0 libxml2 libxrandr2 libxrender1 libxshmfence1
#13 17.29   libxss1 libxv1 libxvidcore4 libxxf86vm1 libzimg2 libzmq5 libzvbi-common
#13 17.29   libzvbi0 ocl-icd-libopencl1 shared-mime-info x11-common xkb-data
#13 17.29 The following packages will be upgraded:
#13 17.29   gcc-12-base libgcc-s1 libstdc++6
#13 17.38 3 upgraded, 176 newly installed, 0 to remove and 72 not upgraded.
#13 17.38 Need to get 113 MB of archives.
#13 17.38 After this operation, 392 MB of additional disk space will be used.
#13 17.38 Get:1 http://archive.ubuntu.com/ubuntu jammy-updates/main amd64 gcc-12-base amd64 12.3.0-1ubuntu1~22.04.3 [216 kB]
#13 17.52 Get:2 http://archive.ubuntu.com/ubuntu jammy-updates/main amd64 libstdc++6 amd64 12.3.0-1ubuntu1~22.04.3 [699 kB]
#13 17.60 Get:3 http://archive.ubuntu.com/ubuntu jammy-updates/main amd64 libgcc-s1 amd64 12.3.0-1ubuntu1~22.04.3 [53.9 kB]
#13 17.60 Get:4 http://archive.ubuntu.com/ubuntu jammy-updates/main amd64 libapparmor1 amd64 3.0.4-2ubuntu2.5 [39.6 kB]
#13 17.60 Get:5 http://archive.ubuntu.com/ubuntu jammy/main amd64 libmd0 amd64 1.0.4-1build1 [23.0 kB]
#13 17.61 Get:6 http://archive.ubuntu.com/ubuntu jammy/main amd64 libbsd0 amd64 0.11.5-1 [44.8 kB]
#13 17.61 Get:7 http://archive.ubuntu.com/ubuntu jammy-updates/main amd64 libdbus-1-3 amd64 1.12.20-2ubuntu4.1 [189 kB]
#13 17.63 Get:8 http://archive.ubuntu.com/ubuntu jammy-updates/main amd64 libelf1 amd64 0.186-1ubuntu0.1 [51.1 kB]
#13 17.64 Get:9 http://archive.ubuntu.com/ubuntu jammy-updates/main amd64 libfribidi0 amd64 1.0.8-2ubuntu3.1 [26.1 kB]
#13 17.67 Get:10 http://archive.ubuntu.com/ubuntu jammy-updates/main amd64 libglib2.0-0 amd64 2.72.4-0ubuntu2.10 [1,469 kB]
#13 17.78 Get:11 http://archive.ubuntu.com/ubuntu jammy/main amd64 libicu70 amd64 70.1-2 [10.6 MB]
#13 18.65 Get:12 http://archive.ubuntu.com/ubuntu jammy/main amd64 libslang2 amd64 2.3.2-5build4 [468 kB]
#13 18.68 Get:13 http://archive.ubuntu.com/ubuntu jammy-updates/main amd64 libxml2 amd64 2.9.13+dfsg-1ubuntu0.13 [764 kB]
#13 18.72 Get:14 http://archive.ubuntu.com/ubuntu jammy/main amd64 shared-mime-info amd64 2.1-2 [454 kB]
#13 18.76 Get:15 http://archive.ubuntu.com/ubuntu jammy/main amd64 xkb-data all 2.33-1 [394 kB]
#13 18.78 Get:16 http://archive.ubuntu.com/ubuntu jammy-updates/main amd64 libdrm-common all 2.4.113-2~ubuntu0.22.04.1 [5,450 B]
#13 18.79 Get:17 http://archive.ubuntu.com/ubuntu jammy-updates/main amd64 libdrm2 amd64 2.4.113-2~ubuntu0.22.04.1 [38.1 kB]
#13 18.79 Get:18 http://archive.ubuntu.com/ubuntu jammy/main amd64 libedit2 amd64 3.1-20210910-1build1 [96.8 kB]
#13 18.80 Get:19 http://archive.ubuntu.com/ubuntu jammy/main amd64 libnuma1 amd64 2.0.14-3ubuntu2 [22.5 kB]
#13 18.80 Get:20 http://archive.ubuntu.com/ubuntu jammy-updates/main amd64 libusb-1.0-0 amd64 2:1.0.25-1ubuntu2 [52.7 kB]
#13 18.80 Get:21 http://archive.ubuntu.com/ubuntu jammy/main amd64 libxau6 amd64 1:1.0.9-1build5 [7,634 B]
#13 18.81 Get:22 http://archive.ubuntu.com/ubuntu jammy/main amd64 libxdmcp6 amd64 1:1.1.3-0ubuntu5 [10.9 kB]
#13 18.81 Get:23 http://archive.ubuntu.com/ubuntu jammy/main amd64 libxcb1 amd64 1.14-3ubuntu3 [49.0 kB]
#13 18.81 Get:24 http://archive.ubuntu.com/ubuntu jammy-updates/main amd64 libx11-data all 2:1.7.5-1ubuntu0.3 [120 kB]
#13 18.83 Get:25 http://archive.ubuntu.com/ubuntu jammy-updates/main amd64 libx11-6 amd64 2:1.7.5-1ubuntu0.3 [667 kB]
#13 18.88 Get:26 http://archive.ubuntu.com/ubuntu jammy/main amd64 libxext6 amd64 2:1.3.4-1build1 [31.8 kB]
#13 18.88 Get:27 http://archive.ubuntu.com/ubuntu jammy-updates/universe amd64 libaom3 amd64 3.3.0-1ubuntu0.1 [1,748 kB]
#13 19.02 Get:28 http://archive.ubuntu.com/ubuntu jammy/universe amd64 libva2 amd64 2.14.0-1 [65.0 kB]
#13 19.02 Get:29 http://archive.ubuntu.com/ubuntu jammy/universe amd64 libmfx1 amd64 22.3.0-1 [3,105 kB]
#13 19.28 Get:30 http://archive.ubuntu.com/ubuntu jammy/universe amd64 libva-drm2 amd64 2.14.0-1 [7,502 B]
#13 19.28 Get:31 http://archive.ubuntu.com/ubuntu jammy/main amd64 libxfixes3 amd64 1:6.0.0-1 [11.7 kB]
#13 19.28 Get:32 http://archive.ubuntu.com/ubuntu jammy/universe amd64 libva-x11-2 amd64 2.14.0-1 [12.6 kB]
#13 19.28 Get:33 http://archive.ubuntu.com/ubuntu jammy/main amd64 libvdpau1 amd64 1.4-3build2 [27.0 kB]
#13 19.28 Get:34 http://archive.ubuntu.com/ubuntu jammy/universe amd64 ocl-icd-libopencl1 amd64 2.2.14-3 [39.1 kB]
#13 19.29 Get:35 http://archive.ubuntu.com/ubuntu jammy-updates/universe amd64 libavutil56 amd64 7:4.4.2-0ubuntu0.22.04.1 [290 kB]
#13 19.31 Get:36 http://archive.ubuntu.com/ubuntu jammy-updates/main amd64 libpixman-1-0 amd64 0.40.0-1ubuntu0.22.04.1 [264 kB]
#13 19.33 Get:37 http://archive.ubuntu.com/ubuntu jammy/main amd64 libxcb-render0 amd64 1.14-3ubuntu3 [16.4 kB]
#13 19.33 Get:38 http://archive.ubuntu.com/ubuntu jammy/main amd64 libxcb-shm0 amd64 1.14-3ubuntu3 [5,780 B]
#13 19.33 Get:39 http://archive.ubuntu.com/ubuntu jammy/main amd64 libxrender1 amd64 1:0.9.10-1build4 [19.7 kB]
#13 19.33 Get:40 http://archive.ubuntu.com/ubuntu jammy-updates/main amd64 libcairo2 amd64 1.16.0-5ubuntu2.1 [628 kB]
#13 19.39 Get:41 http://archive.ubuntu.com/ubuntu jammy/universe amd64 libcodec2-1.0 amd64 1.0.1-3 [8,435 kB]
#13 20.10 Get:42 http://archive.ubuntu.com/ubuntu jammy/universe amd64 libdav1d5 amd64 0.9.2-1 [463 kB]
#13 20.14 Get:43 http://archive.ubuntu.com/ubuntu jammy/universe amd64 libgsm1 amd64 1.0.19-1 [27.7 kB]
#13 20.14 Get:44 http://archive.ubuntu.com/ubuntu jammy/main amd64 libmp3lame0 amd64 3.100-3build2 [141 kB]
#13 20.15 Get:45 http://archive.ubuntu.com/ubuntu jammy-updates/main amd64 libopenjp2-7 amd64 2.4.0-6ubuntu0.5 [158 kB]
#13 20.16 Get:46 http://archive.ubuntu.com/ubuntu jammy/main amd64 libopus0 amd64 1.3.1-0.1build2 [203 kB]
#13 20.17 Get:47 http://archive.ubuntu.com/ubuntu jammy-updates/main amd64 libcairo-gobject2 amd64 1.16.0-5ubuntu2.1 [19.5 kB]
#13 20.18 Get:48 http://archive.ubuntu.com/ubuntu jammy-updates/main amd64 libgdk-pixbuf2.0-common all 2.42.8+dfsg-1ubuntu0.5 [5,560 B]
#13 20.18 Get:49 http://archive.ubuntu.com/ubuntu jammy/main amd64 libjpeg-turbo8 amd64 2.1.2-0ubuntu1 [134 kB]
#13 20.21 Get:50 http://archive.ubuntu.com/ubuntu jammy/main amd64 libjpeg8 amd64 8c-2ubuntu10 [2,264 B]
#13 20.21 Get:51 http://archive.ubuntu.com/ubuntu jammy/main amd64 libdeflate0 amd64 1.10-2 [70.9 kB]
#13 20.21 Get:52 http://archive.ubuntu.com/ubuntu jammy-updates/main amd64 libjbig0 amd64 2.1-3.1ubuntu0.22.04.1 [29.2 kB]
#13 20.22 Get:53 http://archive.ubuntu.com/ubuntu jammy-updates/main amd64 libwebp7 amd64 1.2.2-2ubuntu0.22.04.2 [206 kB]
#13 20.24 Get:54 http://archive.ubuntu.com/ubuntu jammy-updates/main amd64 libtiff5 amd64 4.3.0-6ubuntu0.13 [185 kB]
#13 20.26 Get:55 http://archive.ubuntu.com/ubuntu jammy-updates/main amd64 libgdk-pixbuf-2.0-0 amd64 2.42.8+dfsg-1ubuntu0.5 [148 kB]
#13 20.27 Get:56 http://archive.ubuntu.com/ubuntu jammy-updates/main amd64 libgraphite2-3 amd64 1.3.14-1ubuntu0.1 [71.6 kB]
#13 20.28 Get:57 http://archive.ubuntu.com/ubuntu jammy-updates/main amd64 libharfbuzz0b amd64 2.7.4-1ubuntu3.2 [353 kB]
#13 20.31 Get:58 http://archive.ubuntu.com/ubuntu jammy/main amd64 libthai-data all 0.1.29-1build1 [162 kB]
#13 20.32 Get:59 http://archive.ubuntu.com/ubuntu jammy/main amd64 libdatrie1 amd64 0.2.13-2 [19.9 kB]
#13 20.32 Get:60 http://archive.ubuntu.com/ubuntu jammy/main amd64 libthai0 amd64 0.1.29-1build1 [19.2 kB]
#13 20.32 Get:61 http://archive.ubuntu.com/ubuntu jammy-updates/main amd64 libpango-1.0-0 amd64 1.50.6+ds-2ubuntu1 [230 kB]
#13 20.35 Get:62 http://archive.ubuntu.com/ubuntu jammy-updates/main amd64 libpangoft2-1.0-0 amd64 1.50.6+ds-2ubuntu1 [54.0 kB]
#13 20.36 Get:63 http://archive.ubuntu.com/ubuntu jammy-updates/main amd64 libpangocairo-1.0-0 amd64 1.50.6+ds-2ubuntu1 [39.8 kB]
#13 20.37 Get:64 http://archive.ubuntu.com/ubuntu jammy-updates/main amd64 librsvg2-2 amd64 2.52.5+dfsg-3ubuntu0.2 [2,974 kB]
#13 20.83 Get:65 http://archive.ubuntu.com/ubuntu jammy/universe amd64 libshine3 amd64 3.1.1-2 [23.2 kB]
#13 20.83 Get:66 http://archive.ubuntu.com/ubuntu jammy/main amd64 libsnappy1v5 amd64 1.1.8-1build3 [17.5 kB]
#13 20.83 Get:67 http://archive.ubuntu.com/ubuntu jammy/main amd64 libspeex1 amd64 1.2~rc1.2-1.1ubuntu3 [57.9 kB]
#13 20.83 Get:68 http://archive.ubuntu.com/ubuntu jammy-updates/main amd64 libgomp1 amd64 12.3.0-1ubuntu1~22.04.3 [127 kB]
#13 20.84 Get:69 http://archive.ubuntu.com/ubuntu jammy/main amd64 libsoxr0 amd64 0.1.3-4build2 [79.8 kB]
#13 20.85 Get:70 http://archive.ubuntu.com/ubuntu jammy-updates/universe amd64 libswresample3 amd64 7:4.4.2-0ubuntu0.22.04.1 [62.2 kB]
#13 20.86 Get:71 http://archive.ubuntu.com/ubuntu jammy/main amd64 libogg0 amd64 1.3.5-0ubuntu3 [22.9 kB]
#13 20.86 Get:72 http://archive.ubuntu.com/ubuntu jammy/main amd64 libtheora0 amd64 1.1.1+dfsg.1-15ubuntu4 [209 kB]
#13 20.89 Get:73 http://archive.ubuntu.com/ubuntu jammy/main amd64 libtwolame0 amd64 0.4.0-2build2 [52.5 kB]
#13 20.89 Get:74 http://archive.ubuntu.com/ubuntu jammy/main amd64 libvorbis0a amd64 1.3.7-1build2 [99.2 kB]
#13 20.90 Get:75 http://archive.ubuntu.com/ubuntu jammy/main amd64 libvorbisenc2 amd64 1.3.7-1build2 [82.6 kB]
#13 20.91 Get:76 http://archive.ubuntu.com/ubuntu jammy-updates/main amd64 libvpx7 amd64 1.11.0-2ubuntu2.5 [1,078 kB]
#13 21.01 Get:77 http://archive.ubuntu.com/ubuntu jammy-updates/main amd64 libwebpmux3 amd64 1.2.2-2ubuntu0.22.04.2 [20.5 kB]
#13 21.01 Get:78 http://archive.ubuntu.com/ubuntu jammy/universe amd64 libx264-163 amd64 2:0.163.3060+git5db6aa6-2build1 [591 kB]
#13 21.05 Get:79 http://archive.ubuntu.com/ubuntu jammy/universe amd64 libx265-199 amd64 3.5-2 [1,170 kB]
#13 21.21 Get:80 http://archive.ubuntu.com/ubuntu jammy/universe amd64 libxvidcore4 amd64 2:1.3.7-1 [201 kB]
#13 21.22 Get:81 http://archive.ubuntu.com/ubuntu jammy/universe amd64 libzvbi-common all 0.2.35-19 [35.5 kB]
#13 21.22 Get:82 http://archive.ubuntu.com/ubuntu jammy/universe amd64 libzvbi0 amd64 0.2.35-19 [262 kB]
#13 21.24 Get:83 http://archive.ubuntu.com/ubuntu jammy-updates/universe amd64 libavcodec58 amd64 7:4.4.2-0ubuntu0.22.04.1 [5,567 kB]
#13 ...

#24 [scheduler build 5/9] COPY scheduler scheduler
#24 DONE 0.2s

#25 [worker build 5/9] COPY worker worker
#25 DONE 0.2s

#26 [artifact-store build 5/9] COPY artifact-store artifact-store
#26 DONE 0.2s

#13 [worker stage-1 2/4] RUN apt-get update     && apt-get install -y --no-install-recommends ffmpeg     && rm -rf /var/lib/apt/lists/*     && useradd --system --no-create-home dag
#13 21.62 Get:84 http://archive.ubuntu.com/ubuntu jammy-updates/main amd64 libasound2-data all 1.2.6.1-1ubuntu1.2 [19.3 kB]
#13 21.62 Get:85 http://archive.ubuntu.com/ubuntu jammy-updates/main amd64 libasound2 amd64 1.2.6.1-1ubuntu1.2 [391 kB]
#13 21.66 Get:86 http://archive.ubuntu.com/ubuntu jammy/main amd64 libraw1394-11 amd64 2.1.2-2build2 [27.0 kB]
#13 21.66 Get:87 http://archive.ubuntu.com/ubuntu jammy/main amd64 libavc1394-0 amd64 0.5.4-5build2 [17.0 kB]
#13 21.66 Get:88 http://archive.ubuntu.com/ubuntu jammy/universe amd64 libass9 amd64 1:0.15.2-1 [97.5 kB]
#13 21.67 Get:89 http://archive.ubuntu.com/ubuntu jammy/universe amd64 libudfread0 amd64 1.1.2-1 [16.2 kB]
#13 21.67 Get:90 http://archive.ubuntu.com/ubuntu jammy/universe amd64 libbluray2 amd64 1:1.3.1-1 [159 kB]
#13 21.68 Get:91 http://archive.ubuntu.com/ubuntu jammy/universe amd64 libchromaprint1 amd64 1.5.1-2 [28.4 kB]
#13 21.69 Get:92 http://archive.ubuntu.com/ubuntu jammy/universe amd64 libgme0 amd64 0.6.3-2 [127 kB]
#13 21.70 Get:93 http://archive.ubuntu.com/ubuntu jammy-updates/main amd64 libmpg123-0 amd64 1.29.3-1ubuntu0.1 [172 kB]
#13 21.73 Get:94 http://archive.ubuntu.com/ubuntu jammy/main amd64 libvorbisfile3 amd64 1.3.7-1build2 [17.1 kB]
#13 21.74 Get:95 http://archive.ubuntu.com/ubuntu jammy/universe amd64 libopenmpt0 amd64 0.6.1-1 [592 kB]
#13 21.78 Get:96 http://archive.ubuntu.com/ubuntu jammy-updates/main amd64 librabbitmq4 amd64 0.10.0-1ubuntu2.2 [39.9 kB]
#13 21.79 Get:97 http://archive.ubuntu.com/ubuntu jammy/universe amd64 libsrt1.4-gnutls amd64 1.4.4-4 [309 kB]
#13 21.80 Get:98 http://archive.ubuntu.com/ubuntu jammy-updates/main amd64 libssh-gcrypt-4 amd64 0.9.6-2ubuntu0.22.04.8 [226 kB]
#13 21.81 Get:99 http://archive.ubuntu.com/ubuntu jammy/universe amd64 libnorm1 amd64 1.5.9+dfsg-2 [221 kB]
#13 21.82 Get:100 http://archive.ubuntu.com/ubuntu jammy/universe amd64 libpgm-5.3-0 amd64 5.3.128~dfsg-2 [161 kB]
#13 21.83 Get:101 http://archive.ubuntu.com/ubuntu jammy-updates/main amd64 libsodium23 amd64 1.0.18-1ubuntu0.22.04.1 [164 kB]
#13 21.89 Get:102 http://archive.ubuntu.com/ubuntu jammy/universe amd64 libzmq5 amd64 4.3.4-2 [256 kB]
#13 ...

#27 [scheduler build 6/9] COPY artifact-store/pom.xml artifact-store/pom.xml
#27 DONE 0.4s

#28 [artifact-store build 6/9] COPY scheduler/pom.xml scheduler/pom.xml
#28 DONE 0.4s

#29 [worker build 6/9] COPY scheduler/pom.xml scheduler/pom.xml
#29 DONE 0.4s

#13 [worker stage-1 2/4] RUN apt-get update     && apt-get install -y --no-install-recommends ffmpeg     && rm -rf /var/lib/apt/lists/*     && useradd --system --no-create-home dag
#13 22.02 Get:103 http://archive.ubuntu.com/ubuntu jammy-updates/universe amd64 libavformat58 amd64 7:4.4.2-0ubuntu0.22.04.1 [1,103 kB]
#13 22.11 Get:104 http://archive.ubuntu.com/ubuntu jammy/universe amd64 libbs2b0 amd64 3.1.0+dfsg-2.2build1 [10.2 kB]
#13 22.11 Get:105 http://archive.ubuntu.com/ubuntu jammy/universe amd64 libflite1 amd64 2.2-3 [13.7 MB]
#13 ...

#30 [scheduler build 7/9] COPY worker/pom.xml worker/pom.xml
#30 DONE 0.4s

#31 [artifact-store build 7/9] COPY worker/pom.xml worker/pom.xml
#31 DONE 0.4s

#32 [worker build 7/9] COPY artifact-store/pom.xml artifact-store/pom.xml
#32 DONE 0.4s

#33 [worker build 8/9] COPY client/pom.xml client/pom.xml
#33 ...

#34 [scheduler build 8/9] COPY client/pom.xml client/pom.xml
#34 DONE 0.3s

#35 [artifact-store build 8/9] COPY client/pom.xml client/pom.xml
#35 DONE 0.3s

#33 [worker build 8/9] COPY client/pom.xml client/pom.xml
#33 DONE 0.3s

#36 [worker build 9/9] RUN mvn -B -q -pl worker -am package -DskipTests
#36 ...

#13 [worker stage-1 2/4] RUN apt-get update     && apt-get install -y --no-install-recommends ffmpeg     && rm -rf /var/lib/apt/lists/*     && useradd --system --no-create-home dag
#13 23.26 Get:106 http://archive.ubuntu.com/ubuntu jammy/universe amd64 libserd-0-0 amd64 0.30.10-2 [40.8 kB]
#13 23.26 Get:107 http://archive.ubuntu.com/ubuntu jammy/universe amd64 libsord-0-0 amd64 0.16.8-2 [21.2 kB]
#13 23.27 Get:108 http://archive.ubuntu.com/ubuntu jammy/universe amd64 libsratom-0-0 amd64 0.6.8-1 [17.0 kB]
#13 23.27 Get:109 http://archive.ubuntu.com/ubuntu jammy/universe amd64 liblilv-0-0 amd64 0.24.12-2 [42.8 kB]
#13 23.28 Get:110 http://archive.ubuntu.com/ubuntu jammy/universe amd64 libmysofa1 amd64 1.2.1~dfsg0-1 [1,157 kB]
#13 23.35 Get:111 http://archive.ubuntu.com/ubuntu jammy/main amd64 libblas3 amd64 3.10.0-2ubuntu1 [228 kB]
#13 23.38 Get:112 http://archive.ubuntu.com/ubuntu jammy-updates/main amd64 libquadmath0 amd64 12.3.0-1ubuntu1~22.04.3 [154 kB]
#13 23.39 Get:113 http://archive.ubuntu.com/ubuntu jammy-updates/main amd64 libgfortran5 amd64 12.3.0-1ubuntu1~22.04.3 [879 kB]
#13 23.48 Get:114 http://archive.ubuntu.com/ubuntu jammy/main amd64 liblapack3 amd64 3.10.0-2ubuntu1 [2,504 kB]
#13 23.68 Get:115 http://archive.ubuntu.com/ubuntu jammy/main amd64 libasyncns0 amd64 0.8-6build2 [12.8 kB]
#13 23.69 Get:116 http://archive.ubuntu.com/ubuntu jammy-updates/main amd64 libflac8 amd64 1.3.3-2ubuntu0.2 [111 kB]
#13 23.69 Get:117 http://archive.ubuntu.com/ubuntu jammy-updates/main amd64 libsndfile1 amd64 1.0.31-2ubuntu0.2 [196 kB]
#13 23.73 Get:118 http://archive.ubuntu.com/ubuntu jammy-updates/main amd64 libx11-xcb1 amd64 2:1.7.5-1ubuntu0.3 [7,802 B]
#13 23.73 Get:119 http://archive.ubuntu.com/ubuntu jammy-updates/main amd64 libpulse0 amd64 1:15.99.1+dfsg1-1ubuntu2.2 [298 kB]
#13 23.76 Get:120 http://archive.ubuntu.com/ubuntu jammy/universe amd64 libsphinxbase3 amd64 0.8+5prealpha+1-13build1 [126 kB]
#13 23.77 Get:121 http://archive.ubuntu.com/ubuntu jammy/universe amd64 libpocketsphinx3 amd64 0.8.0+real5prealpha+1-14ubuntu1 [132 kB]
#13 23.78 Get:122 http://archive.ubuntu.com/ubuntu jammy-updates/universe amd64 libpostproc55 amd64 7:4.4.2-0ubuntu0.22.04.1 [60.1 kB]
#13 23.79 Get:123 http://archive.ubuntu.com/ubuntu jammy/main amd64 libsamplerate0 amd64 0.2.2-1build1 [1,359 kB]
#13 23.98 Get:124 http://archive.ubuntu.com/ubuntu jammy/universe amd64 librubberband2 amd64 2.0.0-2 [90.0 kB]
#13 23.99 Get:125 http://archive.ubuntu.com/ubuntu jammy-updates/universe amd64 libswscale5 amd64 7:4.4.2-0ubuntu0.22.04.1 [180 kB]
#13 24.00 Get:126 http://archive.ubuntu.com/ubuntu jammy/universe amd64 libvidstab1.1 amd64 1.1.0-2 [35.0 kB]
#13 24.00 Get:127 http://archive.ubuntu.com/ubuntu jammy/universe amd64 libzimg2 amd64 3.0.3+ds1-1 [241 kB]
#13 24.03 Get:128 http://archive.ubuntu.com/ubuntu jammy-updates/universe amd64 libavfilter7 amd64 7:4.4.2-0ubuntu0.22.04.1 [1,496 kB]
#13 24.17 Get:129 http://archive.ubuntu.com/ubuntu jammy-updates/main amd64 libcaca0 amd64 0.99.beta19-2.2ubuntu4.2 [224 kB]
#13 24.21 Get:130 http://archive.ubuntu.com/ubuntu jammy-updates/main amd64 libcdio19 amd64 2.1.0-3ubuntu0.2 [63.6 kB]
#13 24.22 Get:131 http://archive.ubuntu.com/ubuntu jammy/main amd64 libcdio-cdda2 amd64 10.2+2.0.0-1build3 [16.7 kB]
#13 24.22 Get:132 http://archive.ubuntu.com/ubuntu jammy/main amd64 libcdio-paranoia2 amd64 10.2+2.0.0-1build3 [15.9 kB]
#13 24.22 Get:133 http://archive.ubuntu.com/ubuntu jammy/universe amd64 libdc1394-25 amd64 2.2.6-4 [88.8 kB]
#13 24.23 Get:134 http://archive.ubuntu.com/ubuntu jammy/main amd64 libglvnd0 amd64 1.4.0-1 [73.6 kB]
#13 24.23 Get:135 http://archive.ubuntu.com/ubuntu jammy-updates/main amd64 libglapi-mesa amd64 23.2.1-1ubuntu3.1~22.04.4 [35.6 kB]
#13 24.23 Get:136 http://archive.ubuntu.com/ubuntu jammy/main amd64 libxcb-dri2-0 amd64 1.14-3ubuntu3 [7,206 B]
#13 24.23 Get:137 http://archive.ubuntu.com/ubuntu jammy/main amd64 libxcb-dri3-0 amd64 1.14-3ubuntu3 [6,968 B]
#13 24.23 Get:138 http://archive.ubuntu.com/ubuntu jammy/main amd64 libxcb-glx0 amd64 1.14-3ubuntu3 [25.9 kB]
#13 24.24 Get:139 http://archive.ubuntu.com/ubuntu jammy/main amd64 libxcb-present0 amd64 1.14-3ubuntu3 [5,734 B]
#13 24.24 Get:140 http://archive.ubuntu.com/ubuntu jammy/main amd64 libxcb-randr0 amd64 1.14-3ubuntu3 [18.3 kB]
#13 24.25 Get:141 http://archive.ubuntu.com/ubuntu jammy/main amd64 libxcb-sync1 amd64 1.14-3ubuntu3 [9,416 B]
#13 24.25 Get:142 http://archive.ubuntu.com/ubuntu jammy/main amd64 libxcb-xfixes0 amd64 1.14-3ubuntu3 [9,996 B]
#13 24.25 Get:143 http://archive.ubuntu.com/ubuntu jammy/main amd64 libxshmfence1 amd64 1.3-1build4 [5,394 B]
#13 24.26 Get:144 http://archive.ubuntu.com/ubuntu jammy/main amd64 libxxf86vm1 amd64 1:1.1.4-1build3 [10.4 kB]
#13 24.26 Get:145 http://archive.ubuntu.com/ubuntu jammy-updates/main amd64 libdrm-amdgpu1 amd64 2.4.113-2~ubuntu0.22.04.1 [19.9 kB]
#13 24.27 Get:146 http://archive.ubuntu.com/ubuntu jammy/main amd64 libpciaccess0 amd64 0.16-3 [19.1 kB]
#13 24.27 Get:147 http://archive.ubuntu.com/ubuntu jammy-updates/main amd64 libdrm-intel1 amd64 2.4.113-2~ubuntu0.22.04.1 [66.7 kB]
#13 24.29 Get:148 http://archive.ubuntu.com/ubuntu jammy-updates/main amd64 libdrm-nouveau2 amd64 2.4.113-2~ubuntu0.22.04.1 [17.5 kB]
#13 24.30 Get:149 http://archive.ubuntu.com/ubuntu jammy-updates/main amd64 libdrm-radeon1 amd64 2.4.113-2~ubuntu0.22.04.1 [21.6 kB]
#13 24.31 Get:150 http://archive.ubuntu.com/ubuntu jammy-updates/main amd64 libllvm15 amd64 1:15.0.7-0ubuntu0.22.04.3 [25.4 MB]
#13 27.56 Get:151 http://archive.ubuntu.com/ubuntu jammy/main amd64 libsensors-config all 1:3.6.0-7ubuntu1 [5,274 B]
#13 27.57 Get:152 http://archive.ubuntu.com/ubuntu jammy/main amd64 libsensors5 amd64 1:3.6.0-7ubuntu1 [26.3 kB]
#13 27.57 Get:153 http://archive.ubuntu.com/ubuntu jammy-updates/main amd64 libgl1-mesa-dri amd64 23.2.1-1ubuntu3.1~22.04.4 [8,860 kB]
#13 28.68 Get:154 http://archive.ubuntu.com/ubuntu jammy-updates/main amd64 libglx-mesa0 amd64 23.2.1-1ubuntu3.1~22.04.4 [158 kB]
#13 28.71 Get:155 http://archive.ubuntu.com/ubuntu jammy/main amd64 libglx0 amd64 1.4.0-1 [41.0 kB]
#13 28.72 Get:156 http://archive.ubuntu.com/ubuntu jammy/main amd64 libgl1 amd64 1.4.0-1 [110 kB]
#13 28.74 Get:157 http://archive.ubuntu.com/ubuntu jammy/main amd64 libiec61883-0 amd64 1.2.0-4build3 [25.9 kB]
#13 28.74 Get:158 http://archive.ubuntu.com/ubuntu jammy/main amd64 libjack-jackd2-0 amd64 1.9.20~dfsg-1 [293 kB]
#13 28.77 Get:159 http://archive.ubuntu.com/ubuntu jammy/universe amd64 libopenal-data all 1:1.19.1-2build3 [164 kB]
#13 28.79 Get:160 http://archive.ubuntu.com/ubuntu jammy/universe amd64 libsndio7.0 amd64 1.8.1-1.1 [29.3 kB]
#13 28.79 Get:161 http://archive.ubuntu.com/ubuntu jammy/universe amd64 libopenal1 amd64 1:1.19.1-2build3 [535 kB]
#13 28.85 Get:162 http://archive.ubuntu.com/ubuntu jammy-updates/main amd64 libwayland-client0 amd64 1.20.0-1ubuntu0.1 [25.9 kB]
#13 28.85 Get:163 http://archive.ubuntu.com/ubuntu jammy/main amd64 libdecor-0-0 amd64 0.1.0-3build1 [15.1 kB]
#13 28.86 Get:164 http://archive.ubuntu.com/ubuntu jammy-updates/main amd64 libwayland-server0 amd64 1.20.0-1ubuntu0.1 [34.3 kB]
#13 28.86 Get:165 http://archive.ubuntu.com/ubuntu jammy-updates/main amd64 libgbm1 amd64 23.2.1-1ubuntu3.1~22.04.4 [33.7 kB]
#13 28.86 Get:166 http://archive.ubuntu.com/ubuntu jammy-updates/main amd64 libwayland-cursor0 amd64 1.20.0-1ubuntu0.1 [10.7 kB]
#13 28.86 Get:167 http://archive.ubuntu.com/ubuntu jammy-updates/main amd64 libwayland-egl1 amd64 1.20.0-1ubuntu0.1 [5,582 B]
#13 28.86 Get:168 http://archive.ubuntu.com/ubuntu jammy/main amd64 libxcursor1 amd64 1:1.2.0-2build4 [20.9 kB]
#13 28.87 Get:169 http://archive.ubuntu.com/ubuntu jammy/main amd64 libxi6 amd64 2:1.8-1build1 [32.6 kB]
#13 28.87 Get:170 http://archive.ubuntu.com/ubuntu jammy/main amd64 libxinerama1 amd64 2:1.1.4-3 [7,382 B]
#13 28.88 Get:171 http://archive.ubuntu.com/ubuntu jammy/main amd64 libxkbcommon0 amd64 1.4.0-1 [125 kB]
#13 28.90 Get:172 http://archive.ubuntu.com/ubuntu jammy/main amd64 libxrandr2 amd64 2:1.5.2-1build1 [20.4 kB]
#13 28.91 Get:173 http://archive.ubuntu.com/ubuntu jammy/main amd64 x11-common all 1:7.7+23ubuntu2 [23.4 kB]
#13 28.92 Get:174 http://archive.ubuntu.com/ubuntu jammy/main amd64 libxss1 amd64 1:1.2.3-1build2 [8,476 B]
#13 28.92 Get:175 http://archive.ubuntu.com/ubuntu jammy-updates/main amd64 libsdl2-2.0-0 amd64 2.0.20+dfsg-2ubuntu1.22.04.1 [582 kB]
#13 29.00 Get:176 http://archive.ubuntu.com/ubuntu jammy/main amd64 libxcb-shape0 amd64 1.14-3ubuntu3 [6,158 B]
#13 29.00 Get:177 http://archive.ubuntu.com/ubuntu jammy/main amd64 libxv1 amd64 2:1.0.11-1build2 [11.2 kB]
#13 29.00 Get:178 http://archive.ubuntu.com/ubuntu jammy-updates/universe amd64 libavdevice58 amd64 7:4.4.2-0ubuntu0.22.04.1 [87.5 kB]
#13 29.01 Get:179 http://archive.ubuntu.com/ubuntu jammy-updates/universe amd64 ffmpeg amd64 7:4.4.2-0ubuntu0.22.04.1 [1,696 kB]
#13 29.55 debconf: delaying package configuration, since apt-utils is not installed
#13 29.68 Fetched 113 MB in 12s (9,536 kB/s)
#13 29.77 (Reading database ... (Reading database ... 5%(Reading database ... 10%(Reading database ... 15%(Reading database ... 20%(Reading database ... 25%(Reading database ... 30%(Reading database ... 35%(Reading database ... 40%(Reading database ... 45%(Reading database ... 50%(Reading database ... 55%(Reading database ... 60%(Reading database ... 65%(Reading database ... 70%(Reading database ... 75%(Reading database ... 80%(Reading database ... 85%(Reading database ... 90%(Reading database ... 95%(Reading database ... 100%(Reading database ... 7936 files and directories currently installed.)
#13 29.80 Preparing to unpack .../gcc-12-base_12.3.0-1ubuntu1~22.04.3_amd64.deb ...
#13 29.85 Unpacking gcc-12-base:amd64 (12.3.0-1ubuntu1~22.04.3) over (12.3.0-1ubuntu1~22.04) ...
#13 30.04 Setting up gcc-12-base:amd64 (12.3.0-1ubuntu1~22.04.3) ...
#13 30.22 (Reading database ... (Reading database ... 5%(Reading database ... 10%(Reading database ... 15%(Reading database ... 20%(Reading database ... 25%(Reading database ... 30%(Reading database ... 35%(Reading database ... 40%(Reading database ... 45%(Reading database ... 50%(Reading database ... 55%(Reading database ... 60%(Reading database ... 65%(Reading database ... 70%(Reading database ... 75%(Reading database ... 80%(Reading database ... 85%(Reading database ... 90%(Reading database ... 95%(Reading database ... 100%(Reading database ... 7936 files and directories currently installed.)
#13 30.24 Preparing to unpack .../libstdc++6_12.3.0-1ubuntu1~22.04.3_amd64.deb ...
#13 30.34 Unpacking libstdc++6:amd64 (12.3.0-1ubuntu1~22.04.3) over (12.3.0-1ubuntu1~22.04) ...
#13 30.56 Setting up libstdc++6:amd64 (12.3.0-1ubuntu1~22.04.3) ...
#13 30.70 (Reading database ... (Reading database ... 5%(Reading database ... 10%(Reading database ... 15%(Reading database ... 20%(Reading database ... 25%(Reading database ... 30%(Reading database ... 35%(Reading database ... 40%(Reading database ... 45%(Reading database ... 50%(Reading database ... 55%(Reading database ... 60%(Reading database ... 65%(Reading database ... 70%(Reading database ... 75%(Reading database ... 80%(Reading database ... 85%(Reading database ... 90%(Reading database ... 95%(Reading database ... 100%(Reading database ... 7936 files and directories currently installed.)
#13 30.72 Preparing to unpack .../libgcc-s1_12.3.0-1ubuntu1~22.04.3_amd64.deb ...
#13 30.77 Unpacking libgcc-s1:amd64 (12.3.0-1ubuntu1~22.04.3) over (12.3.0-1ubuntu1~22.04) ...
#13 30.92 Setting up libgcc-s1:amd64 (12.3.0-1ubuntu1~22.04.3) ...
#13 31.11 Selecting previously unselected package libapparmor1:amd64.
#13 31.11 (Reading database ... (Reading database ... 5%(Reading database ... 10%(Reading database ... 15%(Reading database ... 20%(Reading database ... 25%(Reading database ... 30%(Reading database ... 35%(Reading database ... 40%(Reading database ... 45%(Reading database ... 50%(Reading database ... 55%(Reading database ... 60%(Reading database ... 65%(Reading database ... 70%(Reading database ... 75%(Reading database ... 80%(Reading database ... 85%(Reading database ... 90%(Reading database ... 95%(Reading database ... 100%(Reading database ... 7936 files and directories currently installed.)
#13 31.13 Preparing to unpack .../000-libapparmor1_3.0.4-2ubuntu2.5_amd64.deb ...
#13 31.14 Unpacking libapparmor1:amd64 (3.0.4-2ubuntu2.5) ...
#13 31.26 Selecting previously unselected package libmd0:amd64.
#13 31.26 Preparing to unpack .../001-libmd0_1.0.4-1build1_amd64.deb ...
#13 31.27 Unpacking libmd0:amd64 (1.0.4-1build1) ...
#13 31.40 Selecting previously unselected package libbsd0:amd64.
#13 31.40 Preparing to unpack .../002-libbsd0_0.11.5-1_amd64.deb ...
#13 31.43 Unpacking libbsd0:amd64 (0.11.5-1) ...
#13 31.55 Selecting previously unselected package libdbus-1-3:amd64.
#13 31.55 Preparing to unpack .../003-libdbus-1-3_1.12.20-2ubuntu4.1_amd64.deb ...
#13 31.57 Unpacking libdbus-1-3:amd64 (1.12.20-2ubuntu4.1) ...
#13 31.76 Selecting previously unselected package libelf1:amd64.
#13 31.76 Preparing to unpack .../004-libelf1_0.186-1ubuntu0.1_amd64.deb ...
#13 31.78 Unpacking libelf1:amd64 (0.186-1ubuntu0.1) ...
#13 31.90 Selecting previously unselected package libfribidi0:amd64.
#13 31.90 Preparing to unpack .../005-libfribidi0_1.0.8-2ubuntu3.1_amd64.deb ...
#13 31.92 Unpacking libfribidi0:amd64 (1.0.8-2ubuntu3.1) ...
#13 32.07 Selecting previously unselected package libglib2.0-0:amd64.
#13 32.07 Preparing to unpack .../006-libglib2.0-0_2.72.4-0ubuntu2.10_amd64.deb ...
#13 32.09 Unpacking libglib2.0-0:amd64 (2.72.4-0ubuntu2.10) ...
#13 32.29 Selecting previously unselected package libicu70:amd64.
#13 32.29 Preparing to unpack .../007-libicu70_70.1-2_amd64.deb ...
#13 32.31 Unpacking libicu70:amd64 (70.1-2) ...
#13 ...

#37 [scheduler build 9/9] RUN mvn -B -q -pl scheduler -am package -DskipTests
#37 ...

#38 [artifact-store build 9/9] RUN mvn -B -q -pl artifact-store -am package -DskipTests
#38 ...

#13 [worker stage-1 2/4] RUN apt-get update     && apt-get install -y --no-install-recommends ffmpeg     && rm -rf /var/lib/apt/lists/*     && useradd --system --no-create-home dag
#13 32.95 Selecting previously unselected package libslang2:amd64.
#13 32.96 Preparing to unpack .../008-libslang2_2.3.2-5build4_amd64.deb ...
#13 32.97 Unpacking libslang2:amd64 (2.3.2-5build4) ...
#13 33.09 Selecting previously unselected package libxml2:amd64.
#13 33.10 Preparing to unpack .../009-libxml2_2.9.13+dfsg-1ubuntu0.13_amd64.deb ...
#13 33.11 Unpacking libxml2:amd64 (2.9.13+dfsg-1ubuntu0.13) ...
#13 33.23 Selecting previously unselected package shared-mime-info.
#13 33.24 Preparing to unpack .../010-shared-mime-info_2.1-2_amd64.deb ...
#13 33.27 Unpacking shared-mime-info (2.1-2) ...
#13 33.43 Selecting previously unselected package xkb-data.
#13 33.43 Preparing to unpack .../011-xkb-data_2.33-1_all.deb ...
#13 33.44 Unpacking xkb-data (2.33-1) ...
#13 33.69 Selecting previously unselected package libdrm-common.
#13 33.69 Preparing to unpack .../012-libdrm-common_2.4.113-2~ubuntu0.22.04.1_all.deb ...
#13 33.71 Unpacking libdrm-common (2.4.113-2~ubuntu0.22.04.1) ...
#13 33.86 Selecting previously unselected package libdrm2:amd64.
#13 33.86 Preparing to unpack .../013-libdrm2_2.4.113-2~ubuntu0.22.04.1_amd64.deb ...
#13 33.88 Unpacking libdrm2:amd64 (2.4.113-2~ubuntu0.22.04.1) ...
#13 34.01 Selecting previously unselected package libedit2:amd64.
#13 34.01 Preparing to unpack .../014-libedit2_3.1-20210910-1build1_amd64.deb ...
#13 34.02 Unpacking libedit2:amd64 (3.1-20210910-1build1) ...
#13 34.16 Selecting previously unselected package libnuma1:amd64.
#13 34.16 Preparing to unpack .../015-libnuma1_2.0.14-3ubuntu2_amd64.deb ...
#13 34.18 Unpacking libnuma1:amd64 (2.0.14-3ubuntu2) ...
#13 34.31 Selecting previously unselected package libusb-1.0-0:amd64.
#13 34.32 Preparing to unpack .../016-libusb-1.0-0_2%3a1.0.25-1ubuntu2_amd64.deb ...
#13 34.33 Unpacking libusb-1.0-0:amd64 (2:1.0.25-1ubuntu2) ...
#13 34.43 Selecting previously unselected package libxau6:amd64.
#13 34.43 Preparing to unpack .../017-libxau6_1%3a1.0.9-1build5_amd64.deb ...
#13 34.45 Unpacking libxau6:amd64 (1:1.0.9-1build5) ...
#13 34.55 Selecting previously unselected package libxdmcp6:amd64.
#13 34.55 Preparing to unpack .../018-libxdmcp6_1%3a1.1.3-0ubuntu5_amd64.deb ...
#13 34.56 Unpacking libxdmcp6:amd64 (1:1.1.3-0ubuntu5) ...
#13 34.68 Selecting previously unselected package libxcb1:amd64.
#13 34.68 Preparing to unpack .../019-libxcb1_1.14-3ubuntu3_amd64.deb ...
#13 34.69 Unpacking libxcb1:amd64 (1.14-3ubuntu3) ...
#13 34.79 Selecting previously unselected package libx11-data.
#13 34.79 Preparing to unpack .../020-libx11-data_2%3a1.7.5-1ubuntu0.3_all.deb ...
#13 34.82 Unpacking libx11-data (2:1.7.5-1ubuntu0.3) ...
#13 35.06 Selecting previously unselected package libx11-6:amd64.
#13 35.06 Preparing to unpack .../021-libx11-6_2%3a1.7.5-1ubuntu0.3_amd64.deb ...
#13 35.08 Unpacking libx11-6:amd64 (2:1.7.5-1ubuntu0.3) ...
#13 35.21 Selecting previously unselected package libxext6:amd64.
#13 35.22 Preparing to unpack .../022-libxext6_2%3a1.3.4-1build1_amd64.deb ...
#13 35.25 Unpacking libxext6:amd64 (2:1.3.4-1build1) ...
#13 35.38 Selecting previously unselected package libaom3:amd64.
#13 35.39 Preparing to unpack .../023-libaom3_3.3.0-1ubuntu0.1_amd64.deb ...
#13 35.40 Unpacking libaom3:amd64 (3.3.0-1ubuntu0.1) ...
#13 35.60 Selecting previously unselected package libva2:amd64.
#13 35.60 Preparing to unpack .../024-libva2_2.14.0-1_amd64.deb ...
#13 35.62 Unpacking libva2:amd64 (2.14.0-1) ...
#13 35.75 Selecting previously unselected package libmfx1:amd64.
#13 35.75 Preparing to unpack .../025-libmfx1_22.3.0-1_amd64.deb ...
#13 35.77 Unpacking libmfx1:amd64 (22.3.0-1) ...
#13 36.11 Selecting previously unselected package libva-drm2:amd64.
#13 36.12 Preparing to unpack .../026-libva-drm2_2.14.0-1_amd64.deb ...
#13 36.14 Unpacking libva-drm2:amd64 (2.14.0-1) ...
#13 36.27 Selecting previously unselected package libxfixes3:amd64.
#13 36.28 Preparing to unpack .../027-libxfixes3_1%3a6.0.0-1_amd64.deb ...
#13 36.30 Unpacking libxfixes3:amd64 (1:6.0.0-1) ...
#13 36.47 Selecting previously unselected package libva-x11-2:amd64.
#13 36.47 Preparing to unpack .../028-libva-x11-2_2.14.0-1_amd64.deb ...
#13 36.50 Unpacking libva-x11-2:amd64 (2.14.0-1) ...
#13 36.69 Selecting previously unselected package libvdpau1:amd64.
#13 36.69 Preparing to unpack .../029-libvdpau1_1.4-3build2_amd64.deb ...
#13 36.72 Unpacking libvdpau1:amd64 (1.4-3build2) ...
#13 36.92 Selecting previously unselected package ocl-icd-libopencl1:amd64.
#13 36.93 Preparing to unpack .../030-ocl-icd-libopencl1_2.2.14-3_amd64.deb ...
#13 36.97 Unpacking ocl-icd-libopencl1:amd64 (2.2.14-3) ...
#13 37.20 Selecting previously unselected package libavutil56:amd64.
#13 37.21 Preparing to unpack .../031-libavutil56_7%3a4.4.2-0ubuntu0.22.04.1_amd64.deb ...
#13 37.23 Unpacking libavutil56:amd64 (7:4.4.2-0ubuntu0.22.04.1) ...
#13 37.43 Selecting previously unselected package libpixman-1-0:amd64.
#13 37.43 Preparing to unpack .../032-libpixman-1-0_0.40.0-1ubuntu0.22.04.1_amd64.deb ...
#13 37.46 Unpacking libpixman-1-0:amd64 (0.40.0-1ubuntu0.22.04.1) ...
#13 37.64 Selecting previously unselected package libxcb-render0:amd64.
#13 37.64 Preparing to unpack .../033-libxcb-render0_1.14-3ubuntu3_amd64.deb ...
#13 37.66 Unpacking libxcb-render0:amd64 (1.14-3ubuntu3) ...
#13 37.82 Selecting previously unselected package libxcb-shm0:amd64.
#13 37.83 Preparing to unpack .../034-libxcb-shm0_1.14-3ubuntu3_amd64.deb ...
#13 37.85 Unpacking libxcb-shm0:amd64 (1.14-3ubuntu3) ...
#13 38.00 Selecting previously unselected package libxrender1:amd64.
#13 38.00 Preparing to unpack .../035-libxrender1_1%3a0.9.10-1build4_amd64.deb ...
#13 38.02 Unpacking libxrender1:amd64 (1:0.9.10-1build4) ...
#13 38.17 Selecting previously unselected package libcairo2:amd64.
#13 38.17 Preparing to unpack .../036-libcairo2_1.16.0-5ubuntu2.1_amd64.deb ...
#13 38.19 Unpacking libcairo2:amd64 (1.16.0-5ubuntu2.1) ...
#13 38.34 Selecting previously unselected package libcodec2-1.0:amd64.
#13 38.34 Preparing to unpack .../037-libcodec2-1.0_1.0.1-3_amd64.deb ...
#13 38.37 Unpacking libcodec2-1.0:amd64 (1.0.1-3) ...
#13 38.72 Selecting previously unselected package libdav1d5:amd64.
#13 38.73 Preparing to unpack .../038-libdav1d5_0.9.2-1_amd64.deb ...
#13 38.75 Unpacking libdav1d5:amd64 (0.9.2-1) ...
#13 40.03 Selecting previously unselected package libgsm1:amd64.
#13 40.03 Preparing to unpack .../039-libgsm1_1.0.19-1_amd64.deb ...
#13 40.04 Unpacking libgsm1:amd64 (1.0.19-1) ...
#13 40.21 Selecting previously unselected package libmp3lame0:amd64.
#13 40.21 Preparing to unpack .../040-libmp3lame0_3.100-3build2_amd64.deb ...
#13 40.22 Unpacking libmp3lame0:amd64 (3.100-3build2) ...
#13 40.40 Selecting previously unselected package libopenjp2-7:amd64.
#13 40.40 Preparing to unpack .../041-libopenjp2-7_2.4.0-6ubuntu0.5_amd64.deb ...
#13 40.42 Unpacking libopenjp2-7:amd64 (2.4.0-6ubuntu0.5) ...
#13 40.59 Selecting previously unselected package libopus0:amd64.
#13 40.59 Preparing to unpack .../042-libopus0_1.3.1-0.1build2_amd64.deb ...
#13 40.61 Unpacking libopus0:amd64 (1.3.1-0.1build2) ...
#13 40.81 Selecting previously unselected package libcairo-gobject2:amd64.
#13 40.81 Preparing to unpack .../043-libcairo-gobject2_1.16.0-5ubuntu2.1_amd64.deb ...
#13 40.84 Unpacking libcairo-gobject2:amd64 (1.16.0-5ubuntu2.1) ...
#13 40.97 Selecting previously unselected package libgdk-pixbuf2.0-common.
#13 40.98 Preparing to unpack .../044-libgdk-pixbuf2.0-common_2.42.8+dfsg-1ubuntu0.5_all.deb ...
#13 41.00 Unpacking libgdk-pixbuf2.0-common (2.42.8+dfsg-1ubuntu0.5) ...
#13 41.15 Selecting previously unselected package libjpeg-turbo8:amd64.
#13 41.15 Preparing to unpack .../045-libjpeg-turbo8_2.1.2-0ubuntu1_amd64.deb ...
#13 41.17 Unpacking libjpeg-turbo8:amd64 (2.1.2-0ubuntu1) ...
#13 41.31 Selecting previously unselected package libjpeg8:amd64.
#13 41.31 Preparing to unpack .../046-libjpeg8_8c-2ubuntu10_amd64.deb ...
#13 41.33 Unpacking libjpeg8:amd64 (8c-2ubuntu10) ...
#13 41.44 Selecting previously unselected package libdeflate0:amd64.
#13 41.44 Preparing to unpack .../047-libdeflate0_1.10-2_amd64.deb ...
#13 41.46 Unpacking libdeflate0:amd64 (1.10-2) ...
#13 41.57 Selecting previously unselected package libjbig0:amd64.
#13 41.58 Preparing to unpack .../048-libjbig0_2.1-3.1ubuntu0.22.04.1_amd64.deb ...
#13 41.59 Unpacking libjbig0:amd64 (2.1-3.1ubuntu0.22.04.1) ...
#13 41.72 Selecting previously unselected package libwebp7:amd64.
#13 41.73 Preparing to unpack .../049-libwebp7_1.2.2-2ubuntu0.22.04.2_amd64.deb ...
#13 41.74 Unpacking libwebp7:amd64 (1.2.2-2ubuntu0.22.04.2) ...
#13 41.86 Selecting previously unselected package libtiff5:amd64.
#13 41.86 Preparing to unpack .../050-libtiff5_4.3.0-6ubuntu0.13_amd64.deb ...
#13 41.88 Unpacking libtiff5:amd64 (4.3.0-6ubuntu0.13) ...
#13 42.03 Selecting previously unselected package libgdk-pixbuf-2.0-0:amd64.
#13 42.05 Preparing to unpack .../051-libgdk-pixbuf-2.0-0_2.42.8+dfsg-1ubuntu0.5_amd64.deb ...
#13 42.06 Unpacking libgdk-pixbuf-2.0-0:amd64 (2.42.8+dfsg-1ubuntu0.5) ...
#13 42.23 Selecting previously unselected package libgraphite2-3:amd64.
#13 42.23 Preparing to unpack .../052-libgraphite2-3_1.3.14-1ubuntu0.1_amd64.deb ...
#13 42.24 Unpacking libgraphite2-3:amd64 (1.3.14-1ubuntu0.1) ...
#13 42.39 Selecting previously unselected package libharfbuzz0b:amd64.
#13 42.39 Preparing to unpack .../053-libharfbuzz0b_2.7.4-1ubuntu3.2_amd64.deb ...
#13 42.41 Unpacking libharfbuzz0b:amd64 (2.7.4-1ubuntu3.2) ...
#13 42.52 Selecting previously unselected package libthai-data.
#13 42.52 Preparing to unpack .../054-libthai-data_0.1.29-1build1_all.deb ...
#13 42.55 Unpacking libthai-data (0.1.29-1build1) ...
#13 42.71 Selecting previously unselected package libdatrie1:amd64.
#13 42.71 Preparing to unpack .../055-libdatrie1_0.2.13-2_amd64.deb ...
#13 42.73 Unpacking libdatrie1:amd64 (0.2.13-2) ...
#13 42.87 Selecting previously unselected package libthai0:amd64.
#13 42.88 Preparing to unpack .../056-libthai0_0.1.29-1build1_amd64.deb ...
#13 42.89 Unpacking libthai0:amd64 (0.1.29-1build1) ...
#13 43.03 Selecting previously unselected package libpango-1.0-0:amd64.
#13 43.03 Preparing to unpack .../057-libpango-1.0-0_1.50.6+ds-2ubuntu1_amd64.deb ...
#13 43.06 Unpacking libpango-1.0-0:amd64 (1.50.6+ds-2ubuntu1) ...
#13 43.17 Selecting previously unselected package libpangoft2-1.0-0:amd64.
#13 43.17 Preparing to unpack .../058-libpangoft2-1.0-0_1.50.6+ds-2ubuntu1_amd64.deb ...
#13 43.19 Unpacking libpangoft2-1.0-0:amd64 (1.50.6+ds-2ubuntu1) ...
#13 43.32 Selecting previously unselected package libpangocairo-1.0-0:amd64.
#13 43.32 Preparing to unpack .../059-libpangocairo-1.0-0_1.50.6+ds-2ubuntu1_amd64.deb ...
#13 43.34 Unpacking libpangocairo-1.0-0:amd64 (1.50.6+ds-2ubuntu1) ...
#13 43.46 Selecting previously unselected package librsvg2-2:amd64.
#13 43.46 Preparing to unpack .../060-librsvg2-2_2.52.5+dfsg-3ubuntu0.2_amd64.deb ...
#13 43.47 Unpacking librsvg2-2:amd64 (2.52.5+dfsg-3ubuntu0.2) ...
#13 43.69 Selecting previously unselected package libshine3:amd64.
#13 43.69 Preparing to unpack .../061-libshine3_3.1.1-2_amd64.deb ...
#13 43.71 Unpacking libshine3:amd64 (3.1.1-2) ...
#13 43.87 Selecting previously unselected package libsnappy1v5:amd64.
#13 43.87 Preparing to unpack .../062-libsnappy1v5_1.1.8-1build3_amd64.deb ...
#13 43.89 Unpacking libsnappy1v5:amd64 (1.1.8-1build3) ...
#13 44.01 Selecting previously unselected package libspeex1:amd64.
#13 44.01 Preparing to unpack .../063-libspeex1_1.2~rc1.2-1.1ubuntu3_amd64.deb ...
#13 44.03 Unpacking libspeex1:amd64 (1.2~rc1.2-1.1ubuntu3) ...
#13 44.16 Selecting previously unselected package libgomp1:amd64.
#13 44.16 Preparing to unpack .../064-libgomp1_12.3.0-1ubuntu1~22.04.3_amd64.deb ...
#13 44.19 Unpacking libgomp1:amd64 (12.3.0-1ubuntu1~22.04.3) ...
#13 44.31 Selecting previously unselected package libsoxr0:amd64.
#13 44.32 Preparing to unpack .../065-libsoxr0_0.1.3-4build2_amd64.deb ...
#13 44.33 Unpacking libsoxr0:amd64 (0.1.3-4build2) ...
#13 44.48 Selecting previously unselected package libswresample3:amd64.
#13 44.48 Preparing to unpack .../066-libswresample3_7%3a4.4.2-0ubuntu0.22.04.1_amd64.deb ...
#13 44.49 Unpacking libswresample3:amd64 (7:4.4.2-0ubuntu0.22.04.1) ...
#13 44.61 Selecting previously unselected package libogg0:amd64.
#13 44.61 Preparing to unpack .../067-libogg0_1.3.5-0ubuntu3_amd64.deb ...
#13 44.63 Unpacking libogg0:amd64 (1.3.5-0ubuntu3) ...
#13 44.78 Selecting previously unselected package libtheora0:amd64.
#13 44.78 Preparing to unpack .../068-libtheora0_1.1.1+dfsg.1-15ubuntu4_amd64.deb ...
#13 44.80 Unpacking libtheora0:amd64 (1.1.1+dfsg.1-15ubuntu4) ...
#13 44.92 Selecting previously unselected package libtwolame0:amd64.
#13 44.92 Preparing to unpack .../069-libtwolame0_0.4.0-2build2_amd64.deb ...
#13 44.94 Unpacking libtwolame0:amd64 (0.4.0-2build2) ...
#13 45.07 Selecting previously unselected package libvorbis0a:amd64.
#13 45.07 Preparing to unpack .../070-libvorbis0a_1.3.7-1build2_amd64.deb ...
#13 45.08 Unpacking libvorbis0a:amd64 (1.3.7-1build2) ...
#13 45.21 Selecting previously unselected package libvorbisenc2:amd64.
#13 45.21 Preparing to unpack .../071-libvorbisenc2_1.3.7-1build2_amd64.deb ...
#13 45.23 Unpacking libvorbisenc2:amd64 (1.3.7-1build2) ...
#13 45.39 Selecting previously unselected package libvpx7:amd64.
#13 45.39 Preparing to unpack .../072-libvpx7_1.11.0-2ubuntu2.5_amd64.deb ...
#13 45.41 Unpacking libvpx7:amd64 (1.11.0-2ubuntu2.5) ...
#13 45.62 Selecting previously unselected package libwebpmux3:amd64.
#13 45.62 Preparing to unpack .../073-libwebpmux3_1.2.2-2ubuntu0.22.04.2_amd64.deb ...
#13 45.64 Unpacking libwebpmux3:amd64 (1.2.2-2ubuntu0.22.04.2) ...
#13 45.78 Selecting previously unselected package libx264-163:amd64.
#13 45.78 Preparing to unpack .../074-libx264-163_2%3a0.163.3060+git5db6aa6-2build1_amd64.deb ...
#13 45.80 Unpacking libx264-163:amd64 (2:0.163.3060+git5db6aa6-2build1) ...
#13 46.00 Selecting previously unselected package libx265-199:amd64.
#13 46.00 Preparing to unpack .../075-libx265-199_3.5-2_amd64.deb ...
#13 46.01 Unpacking libx265-199:amd64 (3.5-2) ...
#13 46.34 Selecting previously unselected package libxvidcore4:amd64.
#13 46.34 Preparing to unpack .../076-libxvidcore4_2%3a1.3.7-1_amd64.deb ...
#13 46.36 Unpacking libxvidcore4:amd64 (2:1.3.7-1) ...
#13 46.58 Selecting previously unselected package libzvbi-common.
#13 46.58 Preparing to unpack .../077-libzvbi-common_0.2.35-19_all.deb ...
#13 46.59 Unpacking libzvbi-common (0.2.35-19) ...
#13 46.77 Selecting previously unselected package libzvbi0:amd64.
#13 46.77 Preparing to unpack .../078-libzvbi0_0.2.35-19_amd64.deb ...
#13 46.79 Unpacking libzvbi0:amd64 (0.2.35-19) ...
#13 46.98 Selecting previously unselected package libavcodec58:amd64.
#13 46.99 Preparing to unpack .../079-libavcodec58_7%3a4.4.2-0ubuntu0.22.04.1_amd64.deb ...
#13 47.02 Unpacking libavcodec58:amd64 (7:4.4.2-0ubuntu0.22.04.1) ...
#13 47.41 Selecting previously unselected package libasound2-data.
#13 47.41 Preparing to unpack .../080-libasound2-data_1.2.6.1-1ubuntu1.2_all.deb ...
#13 47.44 Unpacking libasound2-data (1.2.6.1-1ubuntu1.2) ...
#13 47.64 Selecting previously unselected package libasound2:amd64.
#13 47.64 Preparing to unpack .../081-libasound2_1.2.6.1-1ubuntu1.2_amd64.deb ...
#13 47.68 Unpacking libasound2:amd64 (1.2.6.1-1ubuntu1.2) ...
#13 47.88 Selecting previously unselected package libraw1394-11:amd64.
#13 47.88 Preparing to unpack .../082-libraw1394-11_2.1.2-2build2_amd64.deb ...
#13 47.90 Unpacking libraw1394-11:amd64 (2.1.2-2build2) ...
#13 48.15 Selecting previously unselected package libavc1394-0:amd64.
#13 48.15 Preparing to unpack .../083-libavc1394-0_0.5.4-5build2_amd64.deb ...
#13 48.17 Unpacking libavc1394-0:amd64 (0.5.4-5build2) ...
#13 48.45 Selecting previously unselected package libass9:amd64.
#13 48.45 Preparing to unpack .../084-libass9_1%3a0.15.2-1_amd64.deb ...
#13 48.48 Unpacking libass9:amd64 (1:0.15.2-1) ...
#13 48.64 Selecting previously unselected package libudfread0:amd64.
#13 48.64 Preparing to unpack .../085-libudfread0_1.1.2-1_amd64.deb ...
#13 48.67 Unpacking libudfread0:amd64 (1.1.2-1) ...
#13 48.86 Selecting previously unselected package libbluray2:amd64.
#13 48.87 Preparing to unpack .../086-libbluray2_1%3a1.3.1-1_amd64.deb ...
#13 48.89 Unpacking libbluray2:amd64 (1:1.3.1-1) ...
#13 49.03 Selecting previously unselected package libchromaprint1:amd64.
#13 49.04 Preparing to unpack .../087-libchromaprint1_1.5.1-2_amd64.deb ...
#13 49.06 Unpacking libchromaprint1:amd64 (1.5.1-2) ...
#13 49.20 Selecting previously unselected package libgme0:amd64.
#13 49.21 Preparing to unpack .../088-libgme0_0.6.3-2_amd64.deb ...
#13 49.22 Unpacking libgme0:amd64 (0.6.3-2) ...
#13 ...

#36 [worker build 9/9] RUN mvn -B -q -pl worker -am package -DskipTests
#36 DONE 27.5s

#38 [artifact-store build 9/9] RUN mvn -B -q -pl artifact-store -am package -DskipTests
#38 DONE 27.5s

#13 [worker stage-1 2/4] RUN apt-get update     && apt-get install -y --no-install-recommends ffmpeg     && rm -rf /var/lib/apt/lists/*     && useradd --system --no-create-home dag
#13 50.31 Selecting previously unselected package libmpg123-0:amd64.
#13 50.31 Preparing to unpack .../089-libmpg123-0_1.29.3-1ubuntu0.1_amd64.deb ...
#13 50.34 Unpacking libmpg123-0:amd64 (1.29.3-1ubuntu0.1) ...
#13 50.51 Selecting previously unselected package libvorbisfile3:amd64.
#13 ...

#39 [artifact-store stage-1 3/3] COPY --from=build /src/artifact-store/target/artifact-store-0.2.0.jar app.jar
#39 DONE 0.2s

#13 [worker stage-1 2/4] RUN apt-get update     && apt-get install -y --no-install-recommends ffmpeg     && rm -rf /var/lib/apt/lists/*     && useradd --system --no-create-home dag
#13 50.52 Preparing to unpack .../090-libvorbisfile3_1.3.7-1build2_amd64.deb ...
#13 50.54 Unpacking libvorbisfile3:amd64 (1.3.7-1build2) ...
#13 50.71 Selecting previously unselected package libopenmpt0:amd64.
#13 50.71 Preparing to unpack .../091-libopenmpt0_0.6.1-1_amd64.deb ...
#13 50.74 Unpacking libopenmpt0:amd64 (0.6.1-1) ...
#13 ...

#37 [scheduler build 9/9] RUN mvn -B -q -pl scheduler -am package -DskipTests
#37 DONE 28.1s

#13 [worker stage-1 2/4] RUN apt-get update     && apt-get install -y --no-install-recommends ffmpeg     && rm -rf /var/lib/apt/lists/*     && useradd --system --no-create-home dag
#13 51.06 Selecting previously unselected package librabbitmq4:amd64.
#13 51.06 Preparing to unpack .../092-librabbitmq4_0.10.0-1ubuntu2.2_amd64.deb ...
#13 51.10 Unpacking librabbitmq4:amd64 (0.10.0-1ubuntu2.2) ...
#13 51.34 Selecting previously unselected package libsrt1.4-gnutls:amd64.
#13 ...

#40 [scheduler stage-1 4/4] COPY --from=build /src/scheduler/target/scheduler-0.2.0.jar app.jar
#40 DONE 0.5s

#13 [worker stage-1 2/4] RUN apt-get update     && apt-get install -y --no-install-recommends ffmpeg     && rm -rf /var/lib/apt/lists/*     && useradd --system --no-create-home dag
#13 51.34 Preparing to unpack .../093-libsrt1.4-gnutls_1.4.4-4_amd64.deb ...
#13 51.42 Unpacking libsrt1.4-gnutls:amd64 (1.4.4-4) ...
#13 51.69 Selecting previously unselected package libssh-gcrypt-4:amd64.
#13 51.70 Preparing to unpack .../094-libssh-gcrypt-4_0.9.6-2ubuntu0.22.04.8_amd64.deb ...
#13 51.73 Unpacking libssh-gcrypt-4:amd64 (0.9.6-2ubuntu0.22.04.8) ...
#13 52.04 Selecting previously unselected package libnorm1:amd64.
#13 52.05 Preparing to unpack .../095-libnorm1_1.5.9+dfsg-2_amd64.deb ...
#13 52.09 Unpacking libnorm1:amd64 (1.5.9+dfsg-2) ...
#13 52.40 Selecting previously unselected package libpgm-5.3-0:amd64.
#13 52.40 Preparing to unpack .../096-libpgm-5.3-0_5.3.128~dfsg-2_amd64.deb ...
#13 52.43 Unpacking libpgm-5.3-0:amd64 (5.3.128~dfsg-2) ...
#13 52.66 Selecting previously unselected package libsodium23:amd64.
#13 52.66 Preparing to unpack .../097-libsodium23_1.0.18-1ubuntu0.22.04.1_amd64.deb ...
#13 52.69 Unpacking libsodium23:amd64 (1.0.18-1ubuntu0.22.04.1) ...
#13 52.96 Selecting previously unselected package libzmq5:amd64.
#13 52.97 Preparing to unpack .../098-libzmq5_4.3.4-2_amd64.deb ...
#13 53.00 Unpacking libzmq5:amd64 (4.3.4-2) ...
#13 53.29 Selecting previously unselected package libavformat58:amd64.
#13 53.29 Preparing to unpack .../099-libavformat58_7%3a4.4.2-0ubuntu0.22.04.1_amd64.deb ...
#13 53.33 Unpacking libavformat58:amd64 (7:4.4.2-0ubuntu0.22.04.1) ...
#13 ...

#41 [artifact-store] exporting to image
#41 exporting layers 1.1s done
#41 exporting manifest sha256:c831b9b61e05da9f8024ddceb701d9c327ebe320fcf48ed459e1e010bda95842 0.3s done
#41 exporting config sha256:1cbd47bc6784f2befd25ef9e20dd6867907eb669797b95e4806952c10e89a0a7 0.2s done
#41 exporting attestation manifest sha256:8693d2d93e35610b1f9b61e4d10feb160b27bbc3cbfeaec6aa6092c09008012f 0.1s done
#41 exporting manifest list sha256:dd3f0e1234b6c4c29e3d187d3d3f7ed0e844b7d9d8ab478d4eb9dbd418408467 0.1s done
#41 naming to docker.io/dag-ms2/artifact-store:0.2.0 0.0s done
#41 unpacking to docker.io/dag-ms2/artifact-store:0.2.0 0.4s done
#41 DONE 2.7s

#13 [worker stage-1 2/4] RUN apt-get update     && apt-get install -y --no-install-recommends ffmpeg     && rm -rf /var/lib/apt/lists/*     && useradd --system --no-create-home dag
#13 53.53 Selecting previously unselected package libbs2b0:amd64.
#13 53.55 Preparing to unpack .../100-libbs2b0_3.1.0+dfsg-2.2build1_amd64.deb ...
#13 53.59 Unpacking libbs2b0:amd64 (3.1.0+dfsg-2.2build1) ...
#13 53.82 Selecting previously unselected package libflite1:amd64.
#13 ...

#42 [scheduler] exporting to image
#42 exporting layers 1.4s done
#42 exporting manifest sha256:3102233602511fb64ae622cf5d12bd87b99322f5595e8bcca1cac141508c2f7a 0.1s done
#42 exporting config sha256:4a7e93959b091d830f9f9a9506e965a9fcce60ebe7ac90cb892f725f521dbdd1 0.1s done
#42 exporting attestation manifest sha256:0782e0b8508cf8ac1d5c29cf4f6e8f38f9a9b16c68cb43080e0405128fa6243b 0.1s done
#42 exporting manifest list sha256:d8c39760994318095443a9c85e1c2fd7d83f6d8c092fad81869d7dcf553e0a40 0.1s done
#42 naming to docker.io/dag-ms2/scheduler:0.2.0 0.1s done
#42 unpacking to docker.io/dag-ms2/scheduler:0.2.0 0.4s done
#42 DONE 2.5s

#13 [worker stage-1 2/4] RUN apt-get update     && apt-get install -y --no-install-recommends ffmpeg     && rm -rf /var/lib/apt/lists/*     && useradd --system --no-create-home dag
#13 53.82 Preparing to unpack .../101-libflite1_2.2-3_amd64.deb ...
#13 53.85 Unpacking libflite1:amd64 (2.2-3) ...
#13 ...

#43 [artifact-store] resolving provenance for metadata file
#43 DONE 0.0s

#13 [worker stage-1 2/4] RUN apt-get update     && apt-get install -y --no-install-recommends ffmpeg     && rm -rf /var/lib/apt/lists/*     && useradd --system --no-create-home dag
#13 54.17 Selecting previously unselected package libserd-0-0:amd64.
#13 54.17 Preparing to unpack .../102-libserd-0-0_0.30.10-2_amd64.deb ...
#13 54.20 Unpacking libserd-0-0:amd64 (0.30.10-2) ...
#13 ...

#44 [scheduler] resolving provenance for metadata file
#44 DONE 0.0s

#13 [worker stage-1 2/4] RUN apt-get update     && apt-get install -y --no-install-recommends ffmpeg     && rm -rf /var/lib/apt/lists/*     && useradd --system --no-create-home dag
#13 54.39 Selecting previously unselected package libsord-0-0:amd64.
#13 54.39 Preparing to unpack .../103-libsord-0-0_0.16.8-2_amd64.deb ...
#13 54.42 Unpacking libsord-0-0:amd64 (0.16.8-2) ...
#13 54.58 Selecting previously unselected package libsratom-0-0:amd64.
#13 54.58 Preparing to unpack .../104-libsratom-0-0_0.6.8-1_amd64.deb ...
#13 54.60 Unpacking libsratom-0-0:amd64 (0.6.8-1) ...
#13 54.76 Selecting previously unselected package liblilv-0-0:amd64.
#13 54.77 Preparing to unpack .../105-liblilv-0-0_0.24.12-2_amd64.deb ...
#13 54.80 Unpacking liblilv-0-0:amd64 (0.24.12-2) ...
#13 55.06 Selecting previously unselected package libmysofa1:amd64.
#13 55.06 Preparing to unpack .../106-libmysofa1_1.2.1~dfsg0-1_amd64.deb ...
#13 55.09 Unpacking libmysofa1:amd64 (1.2.1~dfsg0-1) ...
#13 55.41 Selecting previously unselected package libblas3:amd64.
#13 55.42 Preparing to unpack .../107-libblas3_3.10.0-2ubuntu1_amd64.deb ...
#13 55.46 Unpacking libblas3:amd64 (3.10.0-2ubuntu1) ...
#13 55.63 Selecting previously unselected package libquadmath0:amd64.
#13 55.63 Preparing to unpack .../108-libquadmath0_12.3.0-1ubuntu1~22.04.3_amd64.deb ...
#13 55.65 Unpacking libquadmath0:amd64 (12.3.0-1ubuntu1~22.04.3) ...
#13 55.79 Selecting previously unselected package libgfortran5:amd64.
#13 55.80 Preparing to unpack .../109-libgfortran5_12.3.0-1ubuntu1~22.04.3_amd64.deb ...
#13 55.83 Unpacking libgfortran5:amd64 (12.3.0-1ubuntu1~22.04.3) ...
#13 56.13 Selecting previously unselected package liblapack3:amd64.
#13 56.14 Preparing to unpack .../110-liblapack3_3.10.0-2ubuntu1_amd64.deb ...
#13 56.17 Unpacking liblapack3:amd64 (3.10.0-2ubuntu1) ...
#13 56.41 Selecting previously unselected package libasyncns0:amd64.
#13 56.41 Preparing to unpack .../111-libasyncns0_0.8-6build2_amd64.deb ...
#13 56.43 Unpacking libasyncns0:amd64 (0.8-6build2) ...
#13 56.62 Selecting previously unselected package libflac8:amd64.
#13 56.63 Preparing to unpack .../112-libflac8_1.3.3-2ubuntu0.2_amd64.deb ...
#13 56.65 Unpacking libflac8:amd64 (1.3.3-2ubuntu0.2) ...
#13 56.87 Selecting previously unselected package libsndfile1:amd64.
#13 56.87 Preparing to unpack .../113-libsndfile1_1.0.31-2ubuntu0.2_amd64.deb ...
#13 56.90 Unpacking libsndfile1:amd64 (1.0.31-2ubuntu0.2) ...
#13 57.08 Selecting previously unselected package libx11-xcb1:amd64.
#13 57.09 Preparing to unpack .../114-libx11-xcb1_2%3a1.7.5-1ubuntu0.3_amd64.deb ...
#13 57.10 Unpacking libx11-xcb1:amd64 (2:1.7.5-1ubuntu0.3) ...
#13 57.38 Selecting previously unselected package libpulse0:amd64.
#13 57.39 Preparing to unpack .../115-libpulse0_1%3a15.99.1+dfsg1-1ubuntu2.2_amd64.deb ...
#13 57.46 Unpacking libpulse0:amd64 (1:15.99.1+dfsg1-1ubuntu2.2) ...
#13 57.62 Selecting previously unselected package libsphinxbase3:amd64.
#13 57.63 Preparing to unpack .../116-libsphinxbase3_0.8+5prealpha+1-13build1_amd64.deb ...
#13 57.66 Unpacking libsphinxbase3:amd64 (0.8+5prealpha+1-13build1) ...
#13 57.86 Selecting previously unselected package libpocketsphinx3:amd64.
#13 57.87 Preparing to unpack .../117-libpocketsphinx3_0.8.0+real5prealpha+1-14ubuntu1_amd64.deb ...
#13 57.90 Unpacking libpocketsphinx3:amd64 (0.8.0+real5prealpha+1-14ubuntu1) ...
#13 58.14 Selecting previously unselected package libpostproc55:amd64.
#13 58.15 Preparing to unpack .../118-libpostproc55_7%3a4.4.2-0ubuntu0.22.04.1_amd64.deb ...
#13 58.19 Unpacking libpostproc55:amd64 (7:4.4.2-0ubuntu0.22.04.1) ...
#13 58.36 Selecting previously unselected package libsamplerate0:amd64.
#13 58.36 Preparing to unpack .../119-libsamplerate0_0.2.2-1build1_amd64.deb ...
#13 58.38 Unpacking libsamplerate0:amd64 (0.2.2-1build1) ...
#13 58.57 Selecting previously unselected package librubberband2:amd64.
#13 58.57 Preparing to unpack .../120-librubberband2_2.0.0-2_amd64.deb ...
#13 58.60 Unpacking librubberband2:amd64 (2.0.0-2) ...
#13 58.83 Selecting previously unselected package libswscale5:amd64.
#13 58.84 Preparing to unpack .../121-libswscale5_7%3a4.4.2-0ubuntu0.22.04.1_amd64.deb ...
#13 58.86 Unpacking libswscale5:amd64 (7:4.4.2-0ubuntu0.22.04.1) ...
#13 59.08 Selecting previously unselected package libvidstab1.1:amd64.
#13 59.08 Preparing to unpack .../122-libvidstab1.1_1.1.0-2_amd64.deb ...
#13 59.11 Unpacking libvidstab1.1:amd64 (1.1.0-2) ...
#13 59.34 Selecting previously unselected package libzimg2:amd64.
#13 59.35 Preparing to unpack .../123-libzimg2_3.0.3+ds1-1_amd64.deb ...
#13 59.38 Unpacking libzimg2:amd64 (3.0.3+ds1-1) ...
#13 59.61 Selecting previously unselected package libavfilter7:amd64.
#13 59.61 Preparing to unpack .../124-libavfilter7_7%3a4.4.2-0ubuntu0.22.04.1_amd64.deb ...
#13 59.64 Unpacking libavfilter7:amd64 (7:4.4.2-0ubuntu0.22.04.1) ...
#13 59.91 Selecting previously unselected package libcaca0:amd64.
#13 59.91 Preparing to unpack .../125-libcaca0_0.99.beta19-2.2ubuntu4.2_amd64.deb ...
#13 59.95 Unpacking libcaca0:amd64 (0.99.beta19-2.2ubuntu4.2) ...
#13 60.23 Selecting previously unselected package libcdio19:amd64.
#13 60.24 Preparing to unpack .../126-libcdio19_2.1.0-3ubuntu0.2_amd64.deb ...
#13 60.27 Unpacking libcdio19:amd64 (2.1.0-3ubuntu0.2) ...
#13 60.45 Selecting previously unselected package libcdio-cdda2:amd64.
#13 60.45 Preparing to unpack .../127-libcdio-cdda2_10.2+2.0.0-1build3_amd64.deb ...
#13 60.46 Unpacking libcdio-cdda2:amd64 (10.2+2.0.0-1build3) ...
#13 60.64 Selecting previously unselected package libcdio-paranoia2:amd64.
#13 60.65 Preparing to unpack .../128-libcdio-paranoia2_10.2+2.0.0-1build3_amd64.deb ...
#13 60.67 Unpacking libcdio-paranoia2:amd64 (10.2+2.0.0-1build3) ...
#13 60.89 Selecting previously unselected package libdc1394-25:amd64.
#13 60.89 Preparing to unpack .../129-libdc1394-25_2.2.6-4_amd64.deb ...
#13 60.92 Unpacking libdc1394-25:amd64 (2.2.6-4) ...
#13 61.05 Selecting previously unselected package libglvnd0:amd64.
#13 61.05 Preparing to unpack .../130-libglvnd0_1.4.0-1_amd64.deb ...
#13 61.07 Unpacking libglvnd0:amd64 (1.4.0-1) ...
#13 61.19 Selecting previously unselected package libglapi-mesa:amd64.
#13 61.20 Preparing to unpack .../131-libglapi-mesa_23.2.1-1ubuntu3.1~22.04.4_amd64.deb ...
#13 61.23 Unpacking libglapi-mesa:amd64 (23.2.1-1ubuntu3.1~22.04.4) ...
#13 61.36 Selecting previously unselected package libxcb-dri2-0:amd64.
#13 61.36 Preparing to unpack .../132-libxcb-dri2-0_1.14-3ubuntu3_amd64.deb ...
#13 61.39 Unpacking libxcb-dri2-0:amd64 (1.14-3ubuntu3) ...
#13 61.55 Selecting previously unselected package libxcb-dri3-0:amd64.
#13 61.56 Preparing to unpack .../133-libxcb-dri3-0_1.14-3ubuntu3_amd64.deb ...
#13 61.58 Unpacking libxcb-dri3-0:amd64 (1.14-3ubuntu3) ...
#13 61.81 Selecting previously unselected package libxcb-glx0:amd64.
#13 61.82 Preparing to unpack .../134-libxcb-glx0_1.14-3ubuntu3_amd64.deb ...
#13 61.84 Unpacking libxcb-glx0:amd64 (1.14-3ubuntu3) ...
#13 61.98 Selecting previously unselected package libxcb-present0:amd64.
#13 61.98 Preparing to unpack .../135-libxcb-present0_1.14-3ubuntu3_amd64.deb ...
#13 62.00 Unpacking libxcb-present0:amd64 (1.14-3ubuntu3) ...
#13 62.14 Selecting previously unselected package libxcb-randr0:amd64.
#13 62.14 Preparing to unpack .../136-libxcb-randr0_1.14-3ubuntu3_amd64.deb ...
#13 62.16 Unpacking libxcb-randr0:amd64 (1.14-3ubuntu3) ...
#13 62.30 Selecting previously unselected package libxcb-sync1:amd64.
#13 62.31 Preparing to unpack .../137-libxcb-sync1_1.14-3ubuntu3_amd64.deb ...
#13 62.32 Unpacking libxcb-sync1:amd64 (1.14-3ubuntu3) ...
#13 62.44 Selecting previously unselected package libxcb-xfixes0:amd64.
#13 62.44 Preparing to unpack .../138-libxcb-xfixes0_1.14-3ubuntu3_amd64.deb ...
#13 62.46 Unpacking libxcb-xfixes0:amd64 (1.14-3ubuntu3) ...
#13 62.63 Selecting previously unselected package libxshmfence1:amd64.
#13 62.64 Preparing to unpack .../139-libxshmfence1_1.3-1build4_amd64.deb ...
#13 62.66 Unpacking libxshmfence1:amd64 (1.3-1build4) ...
#13 62.81 Selecting previously unselected package libxxf86vm1:amd64.
#13 62.82 Preparing to unpack .../140-libxxf86vm1_1%3a1.1.4-1build3_amd64.deb ...
#13 62.83 Unpacking libxxf86vm1:amd64 (1:1.1.4-1build3) ...
#13 62.97 Selecting previously unselected package libdrm-amdgpu1:amd64.
#13 62.98 Preparing to unpack .../141-libdrm-amdgpu1_2.4.113-2~ubuntu0.22.04.1_amd64.deb ...
#13 62.99 Unpacking libdrm-amdgpu1:amd64 (2.4.113-2~ubuntu0.22.04.1) ...
#13 63.14 Selecting previously unselected package libpciaccess0:amd64.
#13 63.14 Preparing to unpack .../142-libpciaccess0_0.16-3_amd64.deb ...
#13 63.16 Unpacking libpciaccess0:amd64 (0.16-3) ...
#13 63.31 Selecting previously unselected package libdrm-intel1:amd64.
#13 63.32 Preparing to unpack .../143-libdrm-intel1_2.4.113-2~ubuntu0.22.04.1_amd64.deb ...
#13 63.33 Unpacking libdrm-intel1:amd64 (2.4.113-2~ubuntu0.22.04.1) ...
#13 63.47 Selecting previously unselected package libdrm-nouveau2:amd64.
#13 63.48 Preparing to unpack .../144-libdrm-nouveau2_2.4.113-2~ubuntu0.22.04.1_amd64.deb ...
#13 63.50 Unpacking libdrm-nouveau2:amd64 (2.4.113-2~ubuntu0.22.04.1) ...
#13 63.63 Selecting previously unselected package libdrm-radeon1:amd64.
#13 63.63 Preparing to unpack .../145-libdrm-radeon1_2.4.113-2~ubuntu0.22.04.1_amd64.deb ...
#13 63.65 Unpacking libdrm-radeon1:amd64 (2.4.113-2~ubuntu0.22.04.1) ...
#13 63.79 Selecting previously unselected package libllvm15:amd64.
#13 63.79 Preparing to unpack .../146-libllvm15_1%3a15.0.7-0ubuntu0.22.04.3_amd64.deb ...
#13 63.81 Unpacking libllvm15:amd64 (1:15.0.7-0ubuntu0.22.04.3) ...
#13 64.96 Selecting previously unselected package libsensors-config.
#13 64.97 Preparing to unpack .../147-libsensors-config_1%3a3.6.0-7ubuntu1_all.deb ...
#13 65.00 Unpacking libsensors-config (1:3.6.0-7ubuntu1) ...
#13 65.14 Selecting previously unselected package libsensors5:amd64.
#13 65.14 Preparing to unpack .../148-libsensors5_1%3a3.6.0-7ubuntu1_amd64.deb ...
#13 65.19 Unpacking libsensors5:amd64 (1:3.6.0-7ubuntu1) ...
#13 65.39 Selecting previously unselected package libgl1-mesa-dri:amd64.
#13 65.39 Preparing to unpack .../149-libgl1-mesa-dri_23.2.1-1ubuntu3.1~22.04.4_amd64.deb ...
#13 65.41 Unpacking libgl1-mesa-dri:amd64 (23.2.1-1ubuntu3.1~22.04.4) ...
#13 65.75 Selecting previously unselected package libglx-mesa0:amd64.
#13 65.75 Preparing to unpack .../150-libglx-mesa0_23.2.1-1ubuntu3.1~22.04.4_amd64.deb ...
#13 65.77 Unpacking libglx-mesa0:amd64 (23.2.1-1ubuntu3.1~22.04.4) ...
#13 65.92 Selecting previously unselected package libglx0:amd64.
#13 65.92 Preparing to unpack .../151-libglx0_1.4.0-1_amd64.deb ...
#13 65.94 Unpacking libglx0:amd64 (1.4.0-1) ...
#13 66.09 Selecting previously unselected package libgl1:amd64.
#13 66.09 Preparing to unpack .../152-libgl1_1.4.0-1_amd64.deb ...
#13 66.10 Unpacking libgl1:amd64 (1.4.0-1) ...
#13 66.25 Selecting previously unselected package libiec61883-0:amd64.
#13 66.25 Preparing to unpack .../153-libiec61883-0_1.2.0-4build3_amd64.deb ...
#13 66.28 Unpacking libiec61883-0:amd64 (1.2.0-4build3) ...
#13 66.47 Selecting previously unselected package libjack-jackd2-0:amd64.
#13 66.47 Preparing to unpack .../154-libjack-jackd2-0_1.9.20~dfsg-1_amd64.deb ...
#13 66.49 Unpacking libjack-jackd2-0:amd64 (1.9.20~dfsg-1) ...
#13 66.61 Selecting previously unselected package libopenal-data.
#13 66.61 Preparing to unpack .../155-libopenal-data_1%3a1.19.1-2build3_all.deb ...
#13 66.62 Unpacking libopenal-data (1:1.19.1-2build3) ...
#13 66.74 Selecting previously unselected package libsndio7.0:amd64.
#13 66.74 Preparing to unpack .../156-libsndio7.0_1.8.1-1.1_amd64.deb ...
#13 66.76 Unpacking libsndio7.0:amd64 (1.8.1-1.1) ...
#13 66.87 Selecting previously unselected package libopenal1:amd64.
#13 66.87 Preparing to unpack .../157-libopenal1_1%3a1.19.1-2build3_amd64.deb ...
#13 66.89 Unpacking libopenal1:amd64 (1:1.19.1-2build3) ...
#13 67.01 Selecting previously unselected package libwayland-client0:amd64.
#13 67.02 Preparing to unpack .../158-libwayland-client0_1.20.0-1ubuntu0.1_amd64.deb ...
#13 67.03 Unpacking libwayland-client0:amd64 (1.20.0-1ubuntu0.1) ...
#13 67.15 Selecting previously unselected package libdecor-0-0:amd64.
#13 67.15 Preparing to unpack .../159-libdecor-0-0_0.1.0-3build1_amd64.deb ...
#13 67.16 Unpacking libdecor-0-0:amd64 (0.1.0-3build1) ...
#13 67.29 Selecting previously unselected package libwayland-server0:amd64.
#13 67.29 Preparing to unpack .../160-libwayland-server0_1.20.0-1ubuntu0.1_amd64.deb ...
#13 67.31 Unpacking libwayland-server0:amd64 (1.20.0-1ubuntu0.1) ...
#13 67.46 Selecting previously unselected package libgbm1:amd64.
#13 67.46 Preparing to unpack .../161-libgbm1_23.2.1-1ubuntu3.1~22.04.4_amd64.deb ...
#13 67.48 Unpacking libgbm1:amd64 (23.2.1-1ubuntu3.1~22.04.4) ...
#13 67.62 Selecting previously unselected package libwayland-cursor0:amd64.
#13 67.63 Preparing to unpack .../162-libwayland-cursor0_1.20.0-1ubuntu0.1_amd64.deb ...
#13 67.64 Unpacking libwayland-cursor0:amd64 (1.20.0-1ubuntu0.1) ...
#13 67.79 Selecting previously unselected package libwayland-egl1:amd64.
#13 67.80 Preparing to unpack .../163-libwayland-egl1_1.20.0-1ubuntu0.1_amd64.deb ...
#13 67.82 Unpacking libwayland-egl1:amd64 (1.20.0-1ubuntu0.1) ...
#13 67.95 Selecting previously unselected package libxcursor1:amd64.
#13 67.96 Preparing to unpack .../164-libxcursor1_1%3a1.2.0-2build4_amd64.deb ...
#13 67.98 Unpacking libxcursor1:amd64 (1:1.2.0-2build4) ...
#13 68.12 Selecting previously unselected package libxi6:amd64.
#13 68.13 Preparing to unpack .../165-libxi6_2%3a1.8-1build1_amd64.deb ...
#13 68.14 Unpacking libxi6:amd64 (2:1.8-1build1) ...
#13 68.29 Selecting previously unselected package libxinerama1:amd64.
#13 68.29 Preparing to unpack .../166-libxinerama1_2%3a1.1.4-3_amd64.deb ...
#13 68.31 Unpacking libxinerama1:amd64 (2:1.1.4-3) ...
#13 68.45 Selecting previously unselected package libxkbcommon0:amd64.
#13 68.45 Preparing to unpack .../167-libxkbcommon0_1.4.0-1_amd64.deb ...
#13 68.50 Unpacking libxkbcommon0:amd64 (1.4.0-1) ...
#13 68.64 Selecting previously unselected package libxrandr2:amd64.
#13 68.64 Preparing to unpack .../168-libxrandr2_2%3a1.5.2-1build1_amd64.deb ...
#13 68.67 Unpacking libxrandr2:amd64 (2:1.5.2-1build1) ...
#13 68.92 Selecting previously unselected package x11-common.
#13 68.92 Preparing to unpack .../169-x11-common_1%3a7.7+23ubuntu2_all.deb ...
#13 68.95 Unpacking x11-common (1:7.7+23ubuntu2) ...
#13 69.20 Selecting previously unselected package libxss1:amd64.
#13 69.20 Preparing to unpack .../170-libxss1_1%3a1.2.3-1build2_amd64.deb ...
#13 69.22 Unpacking libxss1:amd64 (1:1.2.3-1build2) ...
#13 69.44 Selecting previously unselected package libsdl2-2.0-0:amd64.
#13 69.44 Preparing to unpack .../171-libsdl2-2.0-0_2.0.20+dfsg-2ubuntu1.22.04.1_amd64.deb ...
#13 69.47 Unpacking libsdl2-2.0-0:amd64 (2.0.20+dfsg-2ubuntu1.22.04.1) ...
#13 69.72 Selecting previously unselected package libxcb-shape0:amd64.
#13 69.73 Preparing to unpack .../172-libxcb-shape0_1.14-3ubuntu3_amd64.deb ...
#13 69.77 Unpacking libxcb-shape0:amd64 (1.14-3ubuntu3) ...
#13 71.03 Selecting previously unselected package libxv1:amd64.
#13 71.03 Preparing to unpack .../173-libxv1_2%3a1.0.11-1build2_amd64.deb ...
#13 71.05 Unpacking libxv1:amd64 (2:1.0.11-1build2) ...
#13 71.17 Selecting previously unselected package libavdevice58:amd64.
#13 71.17 Preparing to unpack .../174-libavdevice58_7%3a4.4.2-0ubuntu0.22.04.1_amd64.deb ...
#13 71.19 Unpacking libavdevice58:amd64 (7:4.4.2-0ubuntu0.22.04.1) ...
#13 71.35 Selecting previously unselected package ffmpeg.
#13 71.36 Preparing to unpack .../175-ffmpeg_7%3a4.4.2-0ubuntu0.22.04.1_amd64.deb ...
#13 71.38 Unpacking ffmpeg (7:4.4.2-0ubuntu0.22.04.1) ...
#13 71.69 Setting up libgme0:amd64 (0.6.3-2) ...
#13 71.76 Setting up libssh-gcrypt-4:amd64 (0.9.6-2ubuntu0.22.04.8) ...
#13 71.80 Setting up libgraphite2-3:amd64 (1.3.14-1ubuntu0.1) ...
#13 71.85 Setting up libsrt1.4-gnutls:amd64 (1.4.4-4) ...
#13 71.89 Setting up libpixman-1-0:amd64 (0.40.0-1ubuntu0.22.04.1) ...
#13 71.93 Setting up libudfread0:amd64 (1.1.2-1) ...
#13 71.97 Setting up libwayland-server0:amd64 (1.20.0-1ubuntu0.1) ...
#13 72.03 Setting up libaom3:amd64 (3.3.0-1ubuntu0.1) ...
#13 72.09 Setting up libpciaccess0:amd64 (0.16-3) ...
#13 72.16 Setting up librabbitmq4:amd64 (0.10.0-1ubuntu2.2) ...
#13 72.22 Setting up libxau6:amd64 (1:1.0.9-1build5) ...
#13 72.27 Setting up libraw1394-11:amd64 (2.1.2-2build2) ...
#13 72.31 Setting up libapparmor1:amd64 (3.0.4-2ubuntu2.5) ...
#13 72.36 Setting up libcodec2-1.0:amd64 (1.0.1-3) ...
#13 72.44 Setting up libsodium23:amd64 (1.0.18-1ubuntu0.22.04.1) ...
#13 72.50 Setting up libmpg123-0:amd64 (1.29.3-1ubuntu0.1) ...
#13 72.55 Setting up libogg0:amd64 (1.3.5-0ubuntu3) ...
#13 72.61 Setting up libspeex1:amd64 (1.2~rc1.2-1.1ubuntu3) ...
#13 72.67 Setting up libshine3:amd64 (3.1.1-2) ...
#13 72.74 Setting up libtwolame0:amd64 (0.4.0-2build2) ...
#13 72.81 Setting up libdatrie1:amd64 (0.2.13-2) ...
#13 72.88 Setting up libgsm1:amd64 (1.0.19-1) ...
#13 72.94 Setting up libglib2.0-0:amd64 (2.72.4-0ubuntu2.10) ...
#13 73.01 No schema files found: doing nothing.
#13 73.05 Setting up libglvnd0:amd64 (1.4.0-1) ...
#13 73.11 Setting up libpgm-5.3-0:amd64 (5.3.128~dfsg-2) ...
#13 73.16 Setting up libgdk-pixbuf2.0-common (2.42.8+dfsg-1ubuntu0.5) ...
#13 73.22 Setting up libnorm1:amd64 (1.5.9+dfsg-2) ...
#13 73.28 Setting up libmysofa1:amd64 (1.2.1~dfsg0-1) ...
#13 73.34 Setting up x11-common (1:7.7+23ubuntu2) ...
#13 73.78 debconf: unable to initialize frontend: Dialog
#13 73.78 debconf: (TERM is not set, so the dialog frontend is not usable.)
#13 73.78 debconf: falling back to frontend: Readline
#13 73.78 debconf: unable to initialize frontend: Readline
#13 73.78 debconf: (Can't locate Term/ReadLine.pm in @INC (you may need to install the Term::ReadLine module) (@INC contains: /etc/perl /usr/local/lib/x86_64-linux-gnu/perl/5.34.0 /usr/local/share/perl/5.34.0 /usr/lib/x86_64-linux-gnu/perl5/5.34 /usr/share/perl5 /usr/lib/x86_64-linux-gnu/perl-base /usr/lib/x86_64-linux-gnu/perl/5.34 /usr/share/perl/5.34 /usr/local/lib/site_perl) at /usr/share/perl5/Debconf/FrontEnd/Readline.pm line 7.)
#13 73.78 debconf: falling back to frontend: Teletype
#13 73.80 invoke-rc.d: could not determine current runlevel
#13 73.81 invoke-rc.d: policy-rc.d denied execution of start.
#13 73.83 Setting up libsensors-config (1:3.6.0-7ubuntu1) ...
#13 73.93 Setting up libdeflate0:amd64 (1.10-2) ...
#13 74.00 Setting up xkb-data (2.33-1) ...
#13 74.06 Setting up libgomp1:amd64 (12.3.0-1ubuntu1~22.04.3) ...
#13 74.13 Setting up libcdio19:amd64 (2.1.0-3ubuntu0.2) ...
#13 74.19 Setting up libxvidcore4:amd64 (2:1.3.7-1) ...
#13 74.26 Setting up libjbig0:amd64 (2.1-3.1ubuntu0.22.04.1) ...
#13 74.35 Setting up libsnappy1v5:amd64 (1.1.8-1build3) ...
#13 74.41 Setting up libflac8:amd64 (1.3.3-2ubuntu0.2) ...
#13 74.48 Setting up libasound2-data (1.2.6.1-1ubuntu1.2) ...
#13 74.56 Setting up libblas3:amd64 (3.10.0-2ubuntu1) ...
#13 74.64 update-alternatives: using /usr/lib/x86_64-linux-gnu/blas/libblas.so.3 to provide /usr/lib/x86_64-linux-gnu/libblas.so.3 (libblas.so.3-x86_64-linux-gnu) in auto mode
#13 74.69 Setting up libslang2:amd64 (2.3.2-5build4) ...
#13 74.76 Setting up libva2:amd64 (2.14.0-1) ...
#13 74.84 Setting up libx11-data (2:1.7.5-1ubuntu0.3) ...
#13 74.92 Setting up libx264-163:amd64 (2:0.163.3060+git5db6aa6-2build1) ...
#13 75.00 Setting up libdbus-1-3:amd64 (1.12.20-2ubuntu4.1) ...
#13 75.08 Setting up libfribidi0:amd64 (1.0.8-2ubuntu3.1) ...
#13 75.17 Setting up libopus0:amd64 (1.3.1-0.1build2) ...
#13 75.25 Setting up libquadmath0:amd64 (12.3.0-1ubuntu1~22.04.3) ...
#13 75.33 Setting up libvorbis0a:amd64 (1.3.7-1build2) ...
#13 75.41 Setting up libsensors5:amd64 (1:3.6.0-7ubuntu1) ...
#13 75.49 Setting up libjpeg-turbo8:amd64 (2.1.2-0ubuntu1) ...
#13 75.58 Setting up libglapi-mesa:amd64 (23.2.1-1ubuntu3.1~22.04.4) ...
#13 75.66 Setting up libgfortran5:amd64 (12.3.0-1ubuntu1~22.04.3) ...
#13 75.74 Setting up libwebp7:amd64 (1.2.2-2ubuntu0.22.04.2) ...
#13 75.82 Setting up libnuma1:amd64 (2.0.14-3ubuntu2) ...
#13 75.90 Setting up libvidstab1.1:amd64 (1.1.0-2) ...
#13 75.98 Setting up libmd0:amd64 (1.0.4-1build1) ...
#13 76.07 Setting up ocl-icd-libopencl1:amd64 (2.2.14-3) ...
#13 76.15 Setting up libasyncns0:amd64 (0.8-6build2) ...
#13 76.23 Setting up libxshmfence1:amd64 (1.3-1build4) ...
#13 76.31 Setting up libbs2b0:amd64 (3.1.0+dfsg-2.2build1) ...
#13 76.40 Setting up libasound2:amd64 (1.2.6.1-1ubuntu1.2) ...
#13 76.49 Setting up libzimg2:amd64 (3.0.3+ds1-1) ...
#13 76.57 Setting up libopenjp2-7:amd64 (2.4.0-6ubuntu0.5) ...
#13 76.66 Setting up libharfbuzz0b:amd64 (2.7.4-1ubuntu3.2) ...
#13 76.74 Setting up libopenal-data (1:1.19.1-2build3) ...
#13 76.85 Setting up libthai-data (0.1.29-1build1) ...
#13 76.93 Setting up libvpx7:amd64 (1.11.0-2ubuntu2.5) ...
#13 77.02 Setting up libwayland-egl1:amd64 (1.20.0-1ubuntu0.1) ...
#13 77.10 Setting up libusb-1.0-0:amd64 (2:1.0.25-1ubuntu2) ...
#13 77.18 Setting up libdav1d5:amd64 (0.9.2-1) ...
#13 77.26 Setting up libmfx1:amd64 (22.3.0-1) ...
#13 77.34 Setting up libsamplerate0:amd64 (0.2.2-1build1) ...
#13 77.42 Setting up libwebpmux3:amd64 (1.2.2-2ubuntu0.22.04.2) ...
#13 77.50 Setting up libbsd0:amd64 (0.11.5-1) ...
#13 77.58 Setting up libdrm-common (2.4.113-2~ubuntu0.22.04.1) ...
#13 77.67 Setting up libelf1:amd64 (0.186-1ubuntu0.1) ...
#13 77.75 Setting up libzvbi-common (0.2.35-19) ...
#13 77.91 Setting up libmp3lame0:amd64 (3.100-3build2) ...
#13 77.99 Setting up libvorbisenc2:amd64 (1.3.7-1build2) ...
#13 78.08 Setting up libicu70:amd64 (70.1-2) ...
#13 78.16 Setting up libiec61883-0:amd64 (1.2.0-4build3) ...
#13 78.25 Setting up libserd-0-0:amd64 (0.30.10-2) ...
#13 78.33 Setting up libxkbcommon0:amd64 (1.4.0-1) ...
#13 78.41 Setting up libwayland-client0:amd64 (1.20.0-1ubuntu0.1) ...
#13 78.49 Setting up libjpeg8:amd64 (8c-2ubuntu10) ...
#13 78.54 Setting up libavc1394-0:amd64 (0.5.4-5build2) ...
#13 78.58 Setting up libzvbi0:amd64 (0.2.35-19) ...
#13 78.62 Setting up libxdmcp6:amd64 (1:1.1.3-0ubuntu5) ...
#13 78.66 Setting up liblapack3:amd64 (3.10.0-2ubuntu1) ...
#13 78.69 update-alternatives: using /usr/lib/x86_64-linux-gnu/lapack/liblapack.so.3 to provide /usr/lib/x86_64-linux-gnu/liblapack.so.3 (liblapack.so.3-x86_64-linux-gnu) in auto mode
#13 78.72 Setting up libxcb1:amd64 (1.14-3ubuntu3) ...
#13 78.75 Setting up libxcb-xfixes0:amd64 (1.14-3ubuntu3) ...
#13 78.79 Setting up libzmq5:amd64 (4.3.4-2) ...
#13 78.83 Setting up libcaca0:amd64 (0.99.beta19-2.2ubuntu4.2) ...
#13 78.88 Setting up libxcb-render0:amd64 (1.14-3ubuntu3) ...
#13 78.92 Setting up libsoxr0:amd64 (0.1.3-4build2) ...
#13 78.96 Setting up libcdio-cdda2:amd64 (10.2+2.0.0-1build3) ...
#13 79.00 Setting up libcdio-paranoia2:amd64 (10.2+2.0.0-1build3) ...
#13 79.03 Setting up libxcb-glx0:amd64 (1.14-3ubuntu3) ...
#13 79.07 Setting up libedit2:amd64 (3.1-20210910-1build1) ...
#13 79.11 Setting up libxcb-shape0:amd64 (1.14-3ubuntu3) ...
#13 79.15 Setting up libxcb-shm0:amd64 (1.14-3ubuntu3) ...
#13 79.20 Setting up libxcb-present0:amd64 (1.14-3ubuntu3) ...
#13 79.24 Setting up libthai0:amd64 (0.1.29-1build1) ...
#13 79.29 Setting up libvorbisfile3:amd64 (1.3.7-1build2) ...
#13 79.34 Setting up libass9:amd64 (1:0.15.2-1) ...
#13 79.39 Setting up libxcb-sync1:amd64 (1.14-3ubuntu3) ...
#13 79.44 Setting up libdc1394-25:amd64 (2.2.6-4) ...
#13 79.50 Setting up libx265-199:amd64 (3.5-2) ...
#13 79.55 Setting up librubberband2:amd64 (2.0.0-2) ...
#13 79.61 Setting up libsndio7.0:amd64 (1.8.1-1.1) ...
#13 79.67 Setting up libxcb-dri2-0:amd64 (1.14-3ubuntu3) ...
#13 79.73 Setting up libjack-jackd2-0:amd64 (1.9.20~dfsg-1) ...
#13 79.78 Setting up libdrm2:amd64 (2.4.113-2~ubuntu0.22.04.1) ...
#13 79.84 Setting up libflite1:amd64 (2.2-3) ...
#13 79.90 Setting up libva-drm2:amd64 (2.14.0-1) ...
#13 79.95 Setting up libsord-0-0:amd64 (0.16.8-2) ...
#13 80.00 Setting up libwayland-cursor0:amd64 (1.20.0-1ubuntu0.1) ...
#13 80.05 Setting up libxcb-randr0:amd64 (1.14-3ubuntu3) ...
#13 80.10 Setting up libsratom-0-0:amd64 (0.6.8-1) ...
#13 80.16 Setting up libdecor-0-0:amd64 (0.1.0-3build1) ...
#13 80.21 Setting up libx11-6:amd64 (2:1.7.5-1ubuntu0.3) ...
#13 80.26 Setting up libtiff5:amd64 (4.3.0-6ubuntu0.13) ...
#13 80.31 Setting up libsndfile1:amd64 (1.0.31-2ubuntu0.2) ...
#13 80.36 Setting up liblilv-0-0:amd64 (0.24.12-2) ...
#13 80.42 Setting up libxml2:amd64 (2.9.13+dfsg-1ubuntu0.13) ...
#13 80.46 Setting up libopenmpt0:amd64 (0.6.1-1) ...
#13 80.50 Setting up libdrm-amdgpu1:amd64 (2.4.113-2~ubuntu0.22.04.1) ...
#13 80.55 Setting up libxcb-dri3-0:amd64 (1.14-3ubuntu3) ...
#13 80.61 Setting up libx11-xcb1:amd64 (2:1.7.5-1ubuntu0.3) ...
#13 80.66 Setting up libdrm-nouveau2:amd64 (2.4.113-2~ubuntu0.22.04.1) ...
#13 80.70 Setting up libxrender1:amd64 (1:0.9.10-1build4) ...
#13 80.74 Setting up libgbm1:amd64 (23.2.1-1ubuntu3.1~22.04.4) ...
#13 80.78 Setting up libpulse0:amd64 (1:15.99.1+dfsg1-1ubuntu2.2) ...
#13 80.85 Setting up libdrm-radeon1:amd64 (2.4.113-2~ubuntu0.22.04.1) ...
#13 80.90 Setting up libpango-1.0-0:amd64 (1.50.6+ds-2ubuntu1) ...
#13 80.95 Setting up libdrm-intel1:amd64 (2.4.113-2~ubuntu0.22.04.1) ...
#13 81.00 Setting up libxext6:amd64 (2:1.3.4-1build1) ...
#13 81.05 Setting up libopenal1:amd64 (1:1.19.1-2build3) ...
#13 81.10 Setting up libcairo2:amd64 (1.16.0-5ubuntu2.1) ...
#13 81.16 Setting up libxxf86vm1:amd64 (1:1.1.4-1build3) ...
#13 81.21 Setting up libxfixes3:amd64 (1:6.0.0-1) ...
#13 81.28 Setting up shared-mime-info (2.1-2) ...
#13 89.93 Setting up libxinerama1:amd64 (2:1.1.4-3) ...
#13 89.97 Setting up libxv1:amd64 (2:1.0.11-1build2) ...
#13 90.02 Setting up libxrandr2:amd64 (2:1.5.2-1build1) ...
#13 90.06 Setting up libvdpau1:amd64 (1.4-3build2) ...
#13 90.11 Setting up libllvm15:amd64 (1:15.0.7-0ubuntu0.22.04.3) ...
#13 90.15 Setting up libtheora0:amd64 (1.1.1+dfsg.1-15ubuntu4) ...
#13 90.19 Setting up libgdk-pixbuf-2.0-0:amd64 (2.42.8+dfsg-1ubuntu0.5) ...
#13 90.24 Setting up libcairo-gobject2:amd64 (1.16.0-5ubuntu2.1) ...
#13 90.28 Setting up libxss1:amd64 (1:1.2.3-1build2) ...
#13 90.32 Setting up libpangoft2-1.0-0:amd64 (1.50.6+ds-2ubuntu1) ...
#13 90.36 Setting up libbluray2:amd64 (1:1.3.1-1) ...
#13 90.41 Setting up libva-x11-2:amd64 (2.14.0-1) ...
#13 90.46 Setting up libpangocairo-1.0-0:amd64 (1.50.6+ds-2ubuntu1) ...
#13 90.50 Setting up libxi6:amd64 (2:1.8-1build1) ...
#13 90.54 Setting up libsphinxbase3:amd64 (0.8+5prealpha+1-13build1) ...
#13 90.58 Setting up libxcursor1:amd64 (1:1.2.0-2build4) ...
#13 90.62 Setting up libgl1-mesa-dri:amd64 (23.2.1-1ubuntu3.1~22.04.4) ...
#13 90.67 Setting up libavutil56:amd64 (7:4.4.2-0ubuntu0.22.04.1) ...
#13 90.73 Setting up librsvg2-2:amd64 (2.52.5+dfsg-3ubuntu0.2) ...
#13 90.77 Setting up libpocketsphinx3:amd64 (0.8.0+real5prealpha+1-14ubuntu1) ...
#13 90.81 Setting up libpostproc55:amd64 (7:4.4.2-0ubuntu0.22.04.1) ...
#13 90.85 Setting up libswscale5:amd64 (7:4.4.2-0ubuntu0.22.04.1) ...
#13 90.90 Setting up libsdl2-2.0-0:amd64 (2.0.20+dfsg-2ubuntu1.22.04.1) ...
#13 90.94 Setting up libglx-mesa0:amd64 (23.2.1-1ubuntu3.1~22.04.4) ...
#13 91.00 Setting up libglx0:amd64 (1.4.0-1) ...
#13 91.04 Setting up libswresample3:amd64 (7:4.4.2-0ubuntu0.22.04.1) ...
#13 91.10 Setting up libgl1:amd64 (1.4.0-1) ...
#13 91.15 Setting up libavcodec58:amd64 (7:4.4.2-0ubuntu0.22.04.1) ...
#13 91.22 Setting up libchromaprint1:amd64 (1.5.1-2) ...
#13 91.29 Setting up libavformat58:amd64 (7:4.4.2-0ubuntu0.22.04.1) ...
#13 91.36 Setting up libavfilter7:amd64 (7:4.4.2-0ubuntu0.22.04.1) ...
#13 91.41 Setting up libavdevice58:amd64 (7:4.4.2-0ubuntu0.22.04.1) ...
#13 91.48 Setting up ffmpeg (7:4.4.2-0ubuntu0.22.04.1) ...
#13 91.55 Processing triggers for libc-bin (2.35-0ubuntu3.8) ...
#13 DONE 92.5s

#45 [worker stage-1 3/4] WORKDIR /app
#45 DONE 0.2s

#46 [worker stage-1 4/4] COPY --from=build /src/worker/target/worker-0.2.0.jar app.jar
#46 DONE 0.2s

#47 [worker] exporting to image
#47 exporting layers
#47 exporting layers 17.1s done
#47 exporting manifest sha256:8bd83aed0f5fa3c9c4b69101898c7b16f1d6c667f2e1232937b5000ee836b79c 0.1s done
#47 exporting config sha256:9b728b48fd509b109203f16a649a1036d449de7a4cd2098965ecee951826d0ae 0.1s done
#47 exporting attestation manifest sha256:47566bf87ebaf4ac2e091967c47a7c091ef43a77de244b2248061d8f67175db8 0.1s done
#47 exporting manifest list sha256:c6d9fc76ba3ea44a8136191f81377ff8067244843ca316514cd85dc93ebeb412
#47 exporting manifest list sha256:c6d9fc76ba3ea44a8136191f81377ff8067244843ca316514cd85dc93ebeb412 0.1s done
#47 naming to docker.io/dag-ms2/worker:0.2.0 0.0s done
#47 unpacking to docker.io/dag-ms2/worker:0.2.0
#47 unpacking to docker.io/dag-ms2/worker:0.2.0 3.9s done
#47 DONE 21.4s

#48 [worker] resolving provenance for metadata file
#48 DONE 0.0s
 Image dag-ms2/artifact-store:0.2.0 Built 
 Image dag-ms2/scheduler:0.2.0 Built 
 Image dag-ms2/worker:0.2.0 Built 
